"track","artist","instrumentalness","url_youtube"
"Air Conditioner - Loopable with no fade","White Noise for Babies","1","https://www.youtube.com/watch?v=gUkNfU0z9ts"
"Air Conditioner - Loopable with no fade","White Noise Baby Sleep","1","https://www.youtube.com/watch?v=gUkNfU0z9ts"
"Clean White Noise - Loopable with no fade","White Noise Baby Sleep","1","https://www.youtube.com/watch?v=8h8p7TOykK8"
"Clean White Noise - Loopable, No Fade","White Noise for Babies","1","https://www.youtube.com/watch?v=8h8p7TOykK8"
"Soothing White Noise - Loopable, No Fade","White Noise for Babies","1","https://www.youtube.com/watch?v=nMfPqeZjc2c"
"Clean White Noise - Loopable with no fade","White Noise for Babies","1","https://www.youtube.com/watch?v=8h8p7TOykK8"
"Pure Brown Noise - Loopable with no fade","White Noise Baby Sleep","1","https://www.youtube.com/watch?v=1hSNJvE4c70"
"Pure Brown Noise - Loopable with no fade","White Noise for Babies","1","https://www.youtube.com/watch?v=snlA7rFR0iQ"
"White Noise Relaxation for Calming Down Fussy Infant Baby, Sleepy Toddler or Child","White Noise Baby Sleep","0.999","https://www.youtube.com/watch?v=8YXAtMGgrik"
"White Noise Waves","Ocean Waves For Sleep","0.995",NULL
"White Noise Waves","Ocean Sounds","0.995","https://www.youtube.com/watch?v=Ln3frLRnnwQ"
"Calming Pacific Ocean Roar to Induce Healing Delta Sleep Waves (Nursery Rhymes Lullabies Effect)","White Noise Baby Sleep","0.995","https://www.youtube.com/watch?v=7pzCimTP2F4"
"Brown Noise Background","Ocean Waves For Sleep","0.993","https://www.youtube.com/watch?v=SwoL4Qi_FJk"
"528 Hz Bring Positive Transformation","Solfeggio Healing Frequencies MT","0.992","https://www.youtube.com/watch?v=1MPRbX7ACh8"
"528 Hz Bring Positive Transformation","Miracle Tones","0.992","https://www.youtube.com/watch?v=1MPRbX7ACh8"
"Calm Sea Sounds","Ocean Sounds","0.989","https://www.youtube.com/watch?v=vPhg6sc1Mk4"
"Calm Sea Sounds","Ocean Waves For Sleep","0.989","https://www.youtube.com/watch?v=blAB_JqAJNw"
"Kyne's Peace","Jeremy Soule","0.988","https://www.youtube.com/watch?v=KSujx7MNhyQ"
"A Close Friend","James Newton Howard","0.988","https://www.youtube.com/watch?v=BIYy5by8jdc"
"Rolling Ocean Waves","Ocean Sounds","0.988","https://www.youtube.com/watch?v=bn9F19Hi1Lk"
"Rolling Ocean Waves","Ocean Waves For Sleep","0.988",NULL
"Ocean Sounds For Deep Sleep","Ocean Waves For Sleep","0.986","https://www.youtube.com/watch?v=bn9F19Hi1Lk"
"Ocean Sounds For Deep Sleep","Ocean Sounds","0.986","https://www.youtube.com/watch?v=bn9F19Hi1Lk"
"Salamander Eyes","James Newton Howard","0.985","https://www.youtube.com/watch?v=noCvtHWzk_Q"
"Finding Nemo","Thomas Newman","0.983","https://www.youtube.com/watch?v=sKljOD5B71k"
"Cornfield Chase","Hans Zimmer","0.982","https://www.youtube.com/watch?v=Qflou-xGGbo"
"Rain and Thunderstorm, Pt. 34","Rain Fruits Sounds","0.981","https://www.youtube.com/watch?v=cv2-ustvqN4"
"River Flows in You","Yiruma","0.978","https://www.youtube.com/watch?v=7maJOI3QMu0"
"Test Drive - From How To Train Your Dragon Music From The Motion Picture","John Powell","0.978","https://www.youtube.com/watch?v=zTSXiF_cxG8"
"Feast of Starlight","Howard Shore","0.977","https://www.youtube.com/watch?v=-gbWL7MJ_kI"
"Bonetrousle","Toby Fox","0.976",NULL
"Lemon Glow","Beach House","0.976","https://www.youtube.com/watch?v=08qd-vsHbaY"
"Celebration Of Varisu (From ""Varisu"")","Thaman S","0.974","https://www.youtube.com/watch?v=ddIYPnCl6m8"
"Salut d'Amour, Op. 12","Yo-Yo Ma","0.974","https://www.youtube.com/watch?v=p-fVJ352lmY"
"Lily's Theme","Alexandre Desplat","0.974","https://www.youtube.com/watch?v=WsNJe9fy7Sc"
"Awake","Jeremy Soule","0.972","https://www.youtube.com/watch?v=Huxj9hagBtM"
"Piano Concerto No. 21 in C Major, K. 467: II. Andante","Wolfgang Amadeus Mozart","0.972","https://www.youtube.com/watch?v=i2uYb6bMKyI"
"Dream 1 (before the wind blows it all away) - Pt. 2","Max Richter","0.97","https://www.youtube.com/watch?v=RjeFXf1rqww"
"Inside Out","Duster","0.97","https://www.youtube.com/watch?v=IKsq7sLH4vQ"
"Rain and Thunderstorm, Pt. 5","Rain Fruits Sounds","0.969","https://www.youtube.com/watch?v=cv2-ustvqN4"
"Alan Turing's Legacy","Alexandre Desplat","0.969","https://www.youtube.com/watch?v=owSoB4s9el8"
"Sleepy Sea Sounds","Ocean Waves For Sleep","0.969","https://www.youtube.com/watch?v=bn9F19Hi1Lk"
"Spider Dance","Toby Fox","0.969","https://www.youtube.com/watch?v=YZ3XjVVNagU"
"Schumann: Davidsbündlertänze, Op. 6, Heft II: No. 14, Zart und singend","Robert Schumann","0.969","https://www.youtube.com/watch?v=a6-WomZ_I90"
"Carnival of the Animals: The Swan","Camille Saint-Saëns","0.969","https://www.youtube.com/watch?v=b44-5M4e9nI"
"Sleepy Sea Sounds","Ocean Sounds","0.969","https://www.youtube.com/watch?v=bn9F19Hi1Lk"
"Deep Pink Noise","Ocean Waves For Sleep","0.968",NULL
"Ancient Stones","Jeremy Soule","0.968","https://www.youtube.com/watch?v=kX-oTQR1ihk"
"Après un rêve, Op. 7, No. 1","Yo-Yo Ma","0.968","https://www.youtube.com/watch?v=11Wi4KQQzkc"
"Perfect Natural White Noise as a Relaxing Ambient Sleep Aid (Nice Lullaby)","White Noise Baby Sleep","0.968","https://www.youtube.com/watch?v=hQIvnWgzJLc"
"Deep Pink Noise","Ocean Sounds","0.968",NULL
"Dream 1 (before the wind blows it all away) - Pt. 1","Max Richter","0.968","https://www.youtube.com/watch?v=RjeFXf1rqww"
"A Song of Ice and Fire","Ramin Djawadi","0.968","https://www.youtube.com/watch?v=HppOkD89ntQ"
"Nemo Egg (Main Title)","Thomas Newman","0.967","https://www.youtube.com/watch?v=sKljOD5B71k"
"Serenade, D. 957, No. 4","Franz Schubert","0.965","https://www.youtube.com/watch?v=qYejArVzId8"
"Caribbean Blue","Enya","0.965","https://www.youtube.com/watch?v=Jl8iYAo90pE"
"Stars Will Fall","Duster","0.965","https://www.youtube.com/watch?v=C1zMWc4ihUY"
"Ave verum corpus","Stephen Cleobury","0.964","https://www.youtube.com/watch?v=gDKCK_6WLTg"
"Dream 1 (before the wind blows it all away) - Pt. 4","Max Richter","0.964","https://www.youtube.com/watch?v=RjeFXf1rqww"
"Day One (Interstellar Theme)","Hans Zimmer","0.964","https://www.youtube.com/watch?v=DITy3T2BgbI"
"Chevaliers De Sangreal - From The Da Vinci Code Original Motion Picture Soundtrack","Hans Zimmer","0.964","https://www.youtube.com/watch?v=pAL6sGxOWEs"
"Any Other Name","Thomas Newman","0.963","https://www.youtube.com/watch?v=WIjWaulrLjs"
"Progeny","The Lyndhurst Orchestra","0.963","https://www.youtube.com/watch?v=nH3ibTjuLYs"
"Progeny","Lisa Gerrard","0.963","https://www.youtube.com/watch?v=zuGbKRdY_OE"
"The Landing","Duster","0.963","https://www.youtube.com/watch?v=IbO98u1m9ho"
"Reunion - From ""Gladiator"" Soundtrack","Lisa Gerrard","0.962","https://www.youtube.com/watch?v=o2ZiIPEorP0"
"With you - Instrumental","Jimin","0.962","https://www.youtube.com/watch?v=Vyyzck7jumU"
"Coffee","beabadoobee","0.962","https://www.youtube.com/watch?v=C6CeA6vRtW4"
"Album for the Young, Op. 39: No. 3. Mamma (Maman)","Pyotr Ilyich Tchaikovsky","0.962","https://www.youtube.com/watch?v=cZxjggxy19c"
"Memories of Mother (feat. Eivør)","Bear McCreary","0.962","https://www.youtube.com/watch?v=rg8y4npCdY8"
"Elder Scrolls – Skyrim: Far Horizons","London Philharmonic Orchestra","0.961","https://www.youtube.com/watch?v=63QCSDXSFfw"
"Experience","Daniel Hope","0.961","https://www.youtube.com/watch?v=EJwwWPrwwo4"
"Experience","Ludovico Einaudi","0.961","https://www.youtube.com/watch?v=hN_q-_nGv4U"
"Lyric Pieces Book I, Op. 12: No. 1 Arietta","Edvard Grieg","0.961","https://www.youtube.com/watch?v=5TbQftYOKms"
"Experience","I Virtuosi Italiani","0.961","https://www.youtube.com/watch?v=hN_q-_nGv4U"
"Domestic Pressures","Jóhann Jóhannsson","0.961","https://www.youtube.com/watch?v=HFskQSdoT5k"
"A Model of the Universe","Jóhann Jóhannsson","0.96","https://www.youtube.com/watch?v=fhQC7JBr7nU"
"21 Hungarian Dances, WoO 1: Hungarian Dance No. 5 in G Minor. Allegro (Orch. Schmeling)","Claudio Abbado","0.96","https://www.youtube.com/watch?v=PyCHVikkt-E"
"21 Hungarian Dances, WoO 1: Hungarian Dance No. 5 in G Minor. Allegro (Orch. Schmeling)","Johannes Brahms","0.96","https://www.youtube.com/watch?v=3X9LvC9WkkQ"
"Xtal","Aphex Twin","0.96","https://www.youtube.com/watch?v=2tOutF8B3f8"
"Ocean Binaural","Ocean Sounds","0.96","https://www.youtube.com/watch?v=Cf-7EuQeF_o"
"The Emperor Is Dead","Lisa Gerrard","0.96","https://www.youtube.com/watch?v=ELluhAGDLCw"
"21 Hungarian Dances, WoO 1: Hungarian Dance No. 5 in G Minor. Allegro (Orch. Schmeling)","Wiener Philharmoniker","0.96","https://www.youtube.com/watch?v=Nzo3atXtm54"
"Variations on an Original Theme in A-Flat Major, D. 813: VI. Variation V","Franz Schubert","0.959","https://www.youtube.com/watch?v=UHJKqROBoII"
"Hey djan","Traditional","0.959","https://www.youtube.com/watch?v=T1Sn1UdK-5U"
"Lyric Pieces Book I, Op. 12: No. 7 Album Leaf","Edvard Grieg","0.959","https://www.youtube.com/watch?v=sOBPm0AW6jU"
"The Battle of the Pelennor Fields","Howard Shore","0.959","https://www.youtube.com/watch?v=8t9eL-5wMFc"
"On Earth As It Is In Heaven","Ennio Morricone","0.958","https://www.youtube.com/watch?v=3V8aZLTpKXo"
"American Beauty","Thomas Newman","0.958","https://www.youtube.com/watch?v=al21Vtlsg4A"
"Enfantillages pittoresques: II. Berceuse","Erik Satie","0.958","https://www.youtube.com/watch?v=ZVYNFg1G0x8"
"Adieux","M83","0.957","https://www.youtube.com/watch?v=Ifpj8xnidVg"
"Letting Go","Bear McCreary","0.957","https://www.youtube.com/watch?v=P9gec3gi7vg"
"The Tree","Ludovico Einaudi","0.957","https://www.youtube.com/watch?v=_xfJctxJ1N8"
"2 Arabesques, L. 66: No. 1 in E Major","Claude Debussy","0.955","https://www.youtube.com/watch?v=qNoq240t54I"
"The Imperial March (Darth Vader's Theme)","London Symphony Orchestra","0.955","https://www.youtube.com/watch?v=YMvcCfs8mf8"
"The Imperial March (Darth Vader's Theme)","John Williams","0.955","https://www.youtube.com/watch?v=QYMETt578MM"
"A Son's Path","Bear McCreary","0.955","https://www.youtube.com/watch?v=7peuZ4vaPdw"
"Ständchen, S. 560 (Trans. from Schwanengesang No. 4, D. 957)","Franz Liszt","0.955","https://www.youtube.com/watch?v=D6qnli1ZbZQ"
"Ständchen, S. 560 (Trans. from Schwanengesang No. 4, D. 957)","Franz Schubert","0.955","https://www.youtube.com/watch?v=D6qnli1ZbZQ"
"Kinderszenen, Op. 15: No. 7 in F Major, Träumerei","Robert Schumann","0.954","https://www.youtube.com/watch?v=_RmuTuVWXy4"
"Tchaikovsky: The Nutcracker, Op. 71, Act II: No. 14a, Pas de deux. Andante maestoso","Sir Simon Rattle","0.954","https://www.youtube.com/watch?v=rvfTaxEAQPc"
"Tchaikovsky: The Nutcracker, Op. 71, Act II: No. 14a, Pas de deux. Andante maestoso","Berliner Philharmoniker","0.954","https://www.youtube.com/watch?v=rvfTaxEAQPc"
"The Good, The Bad And The Ugly - Main Title","Ennio Morricone","0.954","https://www.youtube.com/watch?v=J9EZGHcu3E8"
"Tchaikovsky: The Nutcracker, Op. 71, Act II: No. 14a, Pas de deux. Andante maestoso","Pyotr Ilyich Tchaikovsky","0.954","https://www.youtube.com/watch?v=rvfTaxEAQPc"
"Waltz","Fabrizio Paterlini","0.953","https://www.youtube.com/watch?v=4rZHyOAxUsM"
"Nocturne No. 2 In E Flat, Op. 9 No. 2","Frédéric Chopin","0.953","https://www.youtube.com/watch?v=9E6b3swbnWg"
"Temple White","Ludovico Einaudi","0.953","https://www.youtube.com/watch?v=x8OmZkbhvDU"
"The hall is dancing","Fabrizio Paterlini","0.953","https://www.youtube.com/watch?v=q4JvJ0S7TVk"
"Etudes symphoniques (Symphonic Etudes), Op. 13, Adagio and Allegro brillante: Variation 11 [arr. P.I. Tchaikovsky for orchestra]","Robert Schumann","0.953","https://www.youtube.com/watch?v=uOG_D2d7M3A"
"A Lannister Always Pays His Debts","Ramin Djawadi","0.952","https://www.youtube.com/watch?v=jERdloSRJEw"
"What Child Is This","Vince Guaraldi Trio","0.952","https://www.youtube.com/watch?v=e2HFIDW8DdM"
"When Orange is the Sky","Fabrizio Paterlini","0.952","https://www.youtube.com/watch?v=giOoN1e63N4"
"Rinaldo, HWV 7: Lascia ch'io pianga (Arr. for Piano & Bass)","George Frideric Handel","0.952","https://www.youtube.com/watch?v=m226JNPusd4"
"Nocturne No. 19 in E Minor, Op. 72, No. 1","Frédéric Chopin","0.952","https://www.youtube.com/watch?v=Wx0jkZdQwN8"
"Far Horizons","Jeremy Soule","0.952","https://www.youtube.com/watch?v=C2LWupzMMYE"
"Adagietto","Ludwig van Beethoven","0.952","https://www.youtube.com/watch?v=yC3iKwYVqJM"
"Natural Light","Ludovico Einaudi","0.951","https://www.youtube.com/watch?v=dDEAZ8oE0n0"
"Tandav","Laxmikant–Pyarelal","0.951","https://www.youtube.com/watch?v=2008Lrg30MM"
"The Piano Duet","Danny Elfman","0.951","https://www.youtube.com/watch?v=EBS9o9RCyt4"
"Can't Fight City Halloween","Michael Giacchino","0.951","https://www.youtube.com/watch?v=VLEIgw58Lgo"
"Schumann: Kinderszenen, Op. 15: No. 1, Von fremden Ländern und Menschen","Robert Schumann","0.95","https://www.youtube.com/watch?v=tYg6d7CUHRA"
"16 Waltzes, Op. 39 (1867 version): No. 15 in A-Flat Major","Johannes Brahms","0.95","https://www.youtube.com/watch?v=jd7yt4somIA"
"Earth","The Lyndhurst Orchestra","0.95","https://www.youtube.com/watch?v=nH3ibTjuLYs"
"Skateboard Delivery","José González","0.95","https://www.youtube.com/watch?v=F6in0mUagmY"
"First Step","Hans Zimmer","0.95","https://www.youtube.com/watch?v=2ItEGRnsIqg"
"The Path (A New Beginning)","Gustavo Santaolalla","0.95","https://www.youtube.com/watch?v=vC4CfQJLhuk"
"Gnossienne No. 1 (Arr. Kleynjans)","Erik Satie","0.95","https://www.youtube.com/watch?v=OnFuSC0Q_Ig"
"Burning","I Virtuosi Italiani","0.95","https://www.youtube.com/watch?v=RIf2OXtDhhQ"
"Earth","Gavin Greenaway","0.95","https://www.youtube.com/watch?v=ZTgyMrxmteg"
"Veridis Quo","Daft Punk","0.949","https://www.youtube.com/watch?v=HhZaHf8RP6g"
"528 Hz Manifest Your Greatness","Miracle Tones","0.949","https://www.youtube.com/watch?v=WIIZe2_KmIQ"
"528 Hz Manifest Your Greatness","Solfeggio Healing Frequencies MT","0.949","https://www.youtube.com/watch?v=WIIZe2_KmIQ"
"6 Chants polonais, S. 480: No. 2, Frühling (Wiosna, Spring) [After Chopin's Op. 74]","Franz Liszt","0.949","https://www.youtube.com/watch?v=vrUuj2f7g2o"
"Orchestral Suite No. 3 in D Major, BWV 1068: II. Air ""On a G String"" (Arr. for Piano)","Lang Lang","0.949","https://www.youtube.com/watch?v=_fvHYbYDrpU"
"Bagatelle No. 25 in A Minor, WoO 59 ""Für Elise""","Lang Lang","0.948","https://www.youtube.com/watch?v=GwcyH-aWUc8"
"Bruyères - Home Session","Claude Debussy","0.948","https://www.youtube.com/watch?v=i262-DFo2b8"
"All Gone (No Escape)","Gustavo Santaolalla","0.947","https://www.youtube.com/watch?v=Xd-GB_ueJgA"
"Harry and Ginny","Alexandre Desplat","0.947","https://www.youtube.com/watch?v=VUS5-MQmCsA"
"9 Pm - Till I Come","ATB","0.947","https://www.youtube.com/watch?v=ri6Efk1SPJc"
"3 Gymnopédies: No. 1 Lent et douloureux","Erik Satie","0.946","https://www.youtube.com/watch?v=S-Xm7s9eGxU"
"Away","Vacations","0.946","https://www.youtube.com/watch?v=WCMCAMqCT2c"
"Konoha Peace (Naruto)","Kato","0.946","https://www.youtube.com/watch?v=UHR6y7faVJM"
"Dream 1 (before the wind blows it all away) - Pt. 8","Max Richter","0.946","https://www.youtube.com/watch?v=RjeFXf1rqww"
"Watermark","Enya","0.946","https://www.youtube.com/watch?v=bPCdsa7hS7M"
"Symphony No. 2 In C Minor - ""Resurrection"" / 1st Movement - Allegro maestoso (Totenfeier): Im Tempo nachgeben","Wiener Philharmoniker","0.945","https://www.youtube.com/watch?v=pkuyhQHUXec"
"You and I","d4vd","0.945","https://www.youtube.com/watch?v=K7Us2s0n8mg"
"Mahler: Symphony No. 5 in C-Sharp Minor: IV. Adagietto. Sehr langsam","Daniel Barenboim","0.945","https://www.youtube.com/watch?v=hQbx-OkfN-M"
"Nocturne Op. 9 No. 2","Frédéric Chopin","0.945","https://www.youtube.com/watch?v=9E6b3swbnWg"
"Numb","Men I Trust","0.945","https://www.youtube.com/watch?v=xAz_DzPUjrM"
"Piano Concerto No. 2 in C Minor, Op. 18: 2. Adagio sostenuto","London Symphony Orchestra","0.945","https://www.youtube.com/watch?v=znlUBaLH2zY"
"Bagatelle No. 25 in A Minor, WoO 59 ""Für Elise""","Ludwig van Beethoven","0.945","https://www.youtube.com/watch?v=wfF0zHeU3Zs"
"Sweden","C418","0.945","https://www.youtube.com/watch?v=f6aJaBjeHxY"
"Distractions","Fabrizio Paterlini","0.945","https://www.youtube.com/watch?v=3P2KrL8CNb8"
"Piano Concerto No. 2 in C Minor, Op. 18: 2. Adagio sostenuto","Sergei Rachmaninoff","0.945","https://www.youtube.com/watch?v=TdiAwCPb_As"
"Wespn Slow","Dybbukk","0.945",NULL
"Ice Dance","Danny Elfman","0.944","https://www.youtube.com/watch?v=fVHo4HNqKjM"
"WWE: Head of the Table (Roman Reigns)","WWE","0.944","https://www.youtube.com/watch?v=zR7oPtxCzrM"
"Gnossienne No. 1","Erik Satie","0.944","https://www.youtube.com/watch?v=PLFVGwGQcB0"
"Wherever You Go","Beach House","0.943","https://www.youtube.com/watch?v=qFeZpbL2roA"
"O Holy Night","John Williams","0.943","https://www.youtube.com/watch?v=TW1lHKDhWKc"
"The Departure","Max Richter","0.943","https://www.youtube.com/watch?v=DmQmepDPg6I"
"Cosmos","Chill Fruits Music","0.943","https://www.youtube.com/watch?v=CsUagrRQkyM"
"Cantata No. 208 'Sheep may safely graze' (arr. Marinner)","Sir Neville Marriner","0.943","https://www.youtube.com/watch?v=VP04riScKEA"
"River Flows In You","Yiruma","0.943","https://www.youtube.com/watch?v=7maJOI3QMu0"
"Goldberg Variations, BWV 988: Aria","Johann Sebastian Bach","0.943","https://www.youtube.com/watch?v=55hk75OgWDg"
"River Flows in You - Orchestra Version","Yiruma","0.943","https://www.youtube.com/watch?v=yMlxYBbNdb4"
"Main Title","Danny Elfman","0.943","https://www.youtube.com/watch?v=GS2Ob_UW2Pg"
"Cosmos","Lofi Fruits Music","0.943","https://www.youtube.com/watch?v=CsUagrRQkyM"
"Kong","Bonobo","0.942","https://www.youtube.com/watch?v=_MBU6qylOjk"
"Rose","James Horner","0.942","https://www.youtube.com/watch?v=iUH0dEe1jvA"
"Hearing","Sleeping At Last","0.942","https://www.youtube.com/watch?v=SCYe0GC2M94"
"Secunda","Jeremy Soule","0.942","https://www.youtube.com/watch?v=iqkQRgGdAPo"
"Pachelbel: Canon and Gigue for Three Violins and Continuo in D Major: Canon","Sir Neville Marriner","0.942","https://www.youtube.com/watch?v=1RVDUKrB9tU"
"432 Hz Miracle Sleep Tone","Miracle Tones","0.941","https://www.youtube.com/watch?v=nSH7Od71uc0"
"Satie / Orch. Ducros: Gymnopédie No. 1","Erik Satie","0.94","https://www.youtube.com/watch?v=S-Xm7s9eGxU"
"Forbidden Friendship","John Powell","0.94","https://www.youtube.com/watch?v=96NgGuKQcmo"
"The Swan","Camille Saint-Saëns","0.94","https://www.youtube.com/watch?v=3qrKjywjo7Q"
"The Departure","Lang Lang","0.94","https://www.youtube.com/watch?v=2Yq46W11Rng"
"God of War","Bear McCreary","0.94","https://www.youtube.com/watch?v=jpyVfd8TyoI"
"Ode to Vivian","Patrick Watson","0.94","https://www.youtube.com/watch?v=lcuMwAt3MjI"
"Atom 8","Sleeping At Last","0.94","https://www.youtube.com/watch?v=eFGmy94O0S8"
"P.S. I Love You","John Powell","0.939","https://www.youtube.com/watch?v=-bxXoLXYa0k"
"Warm Embrace","Chill Fruits Music","0.939","https://www.youtube.com/watch?v=eOkAFNKlr6M"
"Rhapsody On a Theme of Paganini, Op. 43: V. Variation XVIII","Sergei Rachmaninoff","0.939","https://www.youtube.com/watch?v=ThTU04p3drM"
"Go Outside","Cults","0.939","https://www.youtube.com/watch?v=eAM9diyVRiM"
"Wet Hands","C418","0.939","https://www.youtube.com/watch?v=MSepOYJxB64"
"Warm Embrace","Lofi Fruits Music","0.939","https://www.youtube.com/watch?v=eOkAFNKlr6M"
"Back to School","Chill Fruits Music","0.938","https://www.youtube.com/watch?v=SgXDlyrc0cw"
"Lyric Pieces, Book 1, Op. 12: Arietta","Edvard Grieg","0.938","https://www.youtube.com/watch?v=5TbQftYOKms"
"Back to School","Lofi Fruits Music","0.938","https://www.youtube.com/watch?v=7hwSISHWFeY"
"The Theory of Everything","Jóhann Jóhannsson","0.938","https://www.youtube.com/watch?v=umj8yGz7qz0"
"Come Back to Us","Thomas Newman","0.937","https://www.youtube.com/watch?v=UOSEq1n8bYg"
"Gymnopédie No. 1","Erik Satie","0.937","https://www.youtube.com/watch?v=S-Xm7s9eGxU"
"River Flows In You","Yiruma","0.937","https://www.youtube.com/watch?v=7maJOI3QMu0"
"Day Of The River","Joe Hisaishi","0.937","https://www.youtube.com/watch?v=qg-g2DH8GZw"
"Nocturne No. 2 in E-Flat Major, Op. 9 No. 2","Frédéric Chopin","0.936","https://www.youtube.com/watch?v=9E6b3swbnWg"
"Nocturne No. 2 in E-Flat Major, Op. 9 No. 2","Daniel Barenboim","0.936","https://www.youtube.com/watch?v=EMbblaF8jNY"
"Wind Quintet in E-Flat Major, Hess 19: II. Adagio maestoso","Ludwig van Beethoven","0.936","https://www.youtube.com/watch?v=wSJV2hbd0LM"
"Cançoneta for Violin and Orchestra","Academy of St. Martin in the Fields","0.936","https://www.youtube.com/watch?v=YbKTyXEO85k"
"Sunset Bird","Yiruma","0.936","https://www.youtube.com/watch?v=_efm97x38K8"
"Also sprach Zarathustra, Op. 30, TrV 176: Prelude (Sonnenaufgang)","Herbert von Karajan","0.935","https://www.youtube.com/watch?v=M-2ed2hY6Ck"
"irreplaceable","Royal Philharmonic Orchestra","0.935","https://www.youtube.com/watch?v=Tut4DByTm9c"
"Ratatouille Main Theme","Michael Giacchino","0.935","https://www.youtube.com/watch?v=A078E6faw18"
"Little Martha","Allman Brothers Band","0.935","https://www.youtube.com/watch?v=ngyk7wE0Peg"
"Zdes' khorosho ('How Fair This Spot'), Op. 21, No. 7","Sergei Rachmaninoff","0.935","https://www.youtube.com/watch?v=NGk1CS4_z0o"
"Tu m'as tué","M83","0.935","https://www.youtube.com/watch?v=7uE5p5qF_ps"
"Topical Solution","Duster","0.934","https://www.youtube.com/watch?v=M23DEQDcnT0"
"Transformation","The Cinematic Orchestra","0.934","https://www.youtube.com/watch?v=n88MReEC27k"
"Flute Sonata in E-Flat Major, BWV 1031: II. Siciliano (arr. I. Friedman for piano)","Johann Sebastian Bach","0.934","https://www.youtube.com/watch?v=FHqytGT0lqo"
"Unity – The Official FIFA Women’s World Cup 2023™ Theme","FIFA Sound","0.934","https://www.youtube.com/watch?v=csn_6uwoElg"
"Tchaikovsky: The Nutcracker, Op. 71, Act I, Scene 1: No. 1, Decoration of the Christmas Tree","Sir Simon Rattle","0.934","https://www.youtube.com/watch?v=jc62GZC5p8s"
"Many Meetings","Howard Shore","0.934","https://www.youtube.com/watch?v=k3PqqcmWYas"
"Gold Dust","Duster","0.934","https://www.youtube.com/watch?v=FrHW6_aJSKc"
"Lyrical Pieces, Op. 12 (Excerpts): No. 1, Arietta","Edvard Grieg","0.934","https://www.youtube.com/watch?v=5TbQftYOKms"
"apathy","Øneheart","0.933","https://www.youtube.com/watch?v=FgjA9EuxIlY"
"Arrival of the Birds","The Cinematic Orchestra","0.933","https://www.youtube.com/watch?v=n88MReEC27k"
"Bach, JS : Well-Tempered Clavier Book 2 : Prelude No.3 in C sharp major BWV872","Daniel Barenboim","0.933","https://www.youtube.com/watch?v=1InCQ7IAK5M"
"Cirrus","Bonobo","0.933","https://www.youtube.com/watch?v=WF34N4gJAKE"
"Eptesicus","James Newton Howard","0.933","https://www.youtube.com/watch?v=A11eThPRnsg"
"Nocturne No. 6 in G Minor, Op. 15 No. 3","Daniel Barenboim","0.933","https://www.youtube.com/watch?v=3gFu8X6y7LQ"
"Suite Bergamasque, L. 75: III. Clair de lune (Andante très expressif)","Claude Debussy","0.932","https://www.youtube.com/watch?v=fZrm9h3JRGs"
"Piano Sonata No. 16 in C Major, K. 545 ""Sonata facile"": I. Allegro","Lang Lang","0.932","https://www.youtube.com/watch?v=4xeAsc6m35w"
"The Christmas Song","Vince Guaraldi Trio","0.932","https://www.youtube.com/watch?v=XImkt_M70-A"
"Luminous","Ludovico Einaudi","0.931","https://www.youtube.com/watch?v=ZP6BKxtiHI4"
"call out my name (sped up) - tiktok version","accelerate","0.931","https://www.youtube.com/watch?v=NgQ0-SY_E-o"
"Sorrow - From ""Gladiator"" Soundtrack","The Lyndhurst Orchestra","0.93",NULL
"Sorrow - From ""Gladiator"" Soundtrack","Lisa Gerrard","0.93","https://www.youtube.com/watch?v=uc1Or26VoB4"
"Sorrow - From ""Gladiator"" Soundtrack","Gavin Greenaway","0.93",NULL
"Suite No. 3 in D Major, BWV 1068: II. Air","Berliner Philharmoniker","0.929","https://www.youtube.com/watch?v=bvj25SpFUJ8"
"Suite No. 3 in D Major, BWV 1068: II. Air","Herbert von Karajan","0.929","https://www.youtube.com/watch?v=qHJRaqaHiEc"
"Nothing Else Matters - Jungle Cruise Version Part 1","James Newton Howard","0.929","https://www.youtube.com/watch?v=C6R45uw7BKU"
"S.T.A.Y.","Hans Zimmer","0.929",NULL
"21 Hungarian Dances, WoO 1: Hungarian Dance No. 1 in G Minor. Allegro molto (Orch. Brahms)","Claudio Abbado","0.929","https://www.youtube.com/watch?v=6tqOMxaGgBU"
"watching the stars","Øneheart","0.929","https://www.youtube.com/watch?v=C42iSY6Y9g0"
"Suite No. 3 in D Major, BWV 1068: II. Air","Johann Sebastian Bach","0.929","https://www.youtube.com/watch?v=pzlw6fUux4o"
"Alberto Balsalm","Aphex Twin","0.928","https://www.youtube.com/watch?v=s4pQ5aj6vx8"
"Le Carnaval des Animaux, R. 125: 13. Le Cygne","Camille Saint-Saëns","0.928","https://www.youtube.com/watch?v=ONF_Bw9Ycp4"
"Tchaikovsky: The Nutcracker, Op. 71, Act II: No. 13, Waltz of the Flowers","Berliner Philharmoniker","0.928","https://www.youtube.com/watch?v=9LEZA9IQDDs"
"Tchaikovsky: The Nutcracker, Op. 71, Act II: No. 13, Waltz of the Flowers","Sir Simon Rattle","0.928","https://www.youtube.com/watch?v=9LEZA9IQDDs"
"Kinderszenen, Op. 15: No. 10 Fast zu ernst","Robert Schumann","0.928","https://www.youtube.com/watch?v=IlpTk2HELuU"
"The Last of Us","Gustavo Santaolalla","0.928","https://www.youtube.com/watch?v=Pt1pOY3_W64"
"Mountains","Hans Zimmer","0.928","https://www.youtube.com/watch?v=o_Ay_iDRAbc"
"Tchaikovsky: The Nutcracker, Op. 71, Act II: No. 13, Waltz of the Flowers","Pyotr Ilyich Tchaikovsky","0.928","https://www.youtube.com/watch?v=9LEZA9IQDDs"
"London","James Newton Howard","0.927","https://www.youtube.com/watch?v=FCkVmlSVmns"
"Gnossienne: No.1 (Satie Reworks) - Spotify Singles","Erik Satie","0.927","https://www.youtube.com/watch?v=PErbSeBCjdY"
"Run","I Virtuosi Italiani","0.927","https://www.youtube.com/watch?v=jfz-XDWPt-M"
"Palmtree Panic - ”P” mix","SEGA SOUND TEAM","0.927","https://www.youtube.com/watch?v=b0L79dHcdH0"
"Never Can Say Goodbye - Single Version","Gloria Gaynor","0.926","https://www.youtube.com/watch?v=ofcgjeELS0M"
"The Council of Elrond (feat. ""Aniron"") [Theme for Aragorn and Arwen]","Howard Shore","0.926","https://www.youtube.com/watch?v=w6LfRXAuRD0"
"9Pm (Till I Come)","ATB","0.926","https://www.youtube.com/watch?v=ri6Efk1SPJc"
"Saint-Saëns / Transcr. Vidal: Le carnaval des animaux: XIII. Le cygne","Camille Saint-Saëns","0.926","https://www.youtube.com/watch?v=b44-5M4e9nI"
"Suite bergamasque, L. 75: Clair de lune","Claude Debussy","0.926","https://www.youtube.com/watch?v=CvFH_6DNRCY"
"Camping","Jóhann Jóhannsson","0.926","https://www.youtube.com/watch?v=KmZzMOj1CPc"
"Mexican Folksong","Traditional","0.926",NULL
"Pursuit","Gesaffelstein","0.926","https://www.youtube.com/watch?v=oRSijEW_cDM"
"The Planets, Op. 32: 4. Jupiter, the Bringer of Jollity","Herbert von Karajan","0.925","https://www.youtube.com/watch?v=uJJv3TQeMBg"
"Almost Back","LUCKI","0.925","https://www.youtube.com/watch?v=jS7YEzGTjOc"
"Victor's Piano Solo","Danny Elfman","0.925","https://www.youtube.com/watch?v=a7ouDfay0Ug"
"Gnossienne: No. 1","Erik Satie","0.925","https://www.youtube.com/watch?v=PLFVGwGQcB0"
"Danse Macabre, Op. 40, R.171","Camille Saint-Saëns","0.925","https://www.youtube.com/watch?v=YyknBTm_YyM"
"Atlantis","I Virtuosi Italiani","0.925","https://www.youtube.com/watch?v=niQC_1rQi6w"
"A Day Without Rain","Enya","0.924","https://www.youtube.com/watch?v=81gfs4sd76E"
"Romantic Lover","Eyedress","0.924","https://www.youtube.com/watch?v=hxon1cVPC5A"
"Fire","Fabrizio Paterlini","0.924","https://www.youtube.com/watch?v=WSCXTWcX0Sk"
"You're in Love","Joe Hisaishi","0.924","https://www.youtube.com/watch?v=zHS40y9PcOs"
"Song on the Beach","Arcade Fire","0.924","https://www.youtube.com/watch?v=zbloDcecCvM"
"Hielo","Zoé","0.923","https://www.youtube.com/watch?v=lZHyGdYwynM"
"Wind Song","Ludovico Einaudi","0.923","https://www.youtube.com/watch?v=0RV_hthKxEE"
"O Little Town of Bethlehem","Stephen Cleobury","0.923","https://www.youtube.com/watch?v=qqwe97RJ-bg"
"Reminiscent","Yiruma","0.923","https://www.youtube.com/watch?v=hqIiWQjjf1Q"
"Rêverie, CD 76 (Arr. Cullen for Cello and Orchestra)","Royal Philharmonic Orchestra","0.922","https://www.youtube.com/watch?v=8J6hWX1Wv9w"
"Rêverie, L. 68","Claude Debussy","0.922","https://www.youtube.com/watch?v=QRjllL-MP0U"
"4 Impromptus, Op. 90, D.899: No. 4 in A Flat Major: Allegretto","Franz Schubert","0.922","https://www.youtube.com/watch?v=Xms2oRZtjnM"
"For The Love Of A Princess","James Horner","0.922","https://www.youtube.com/watch?v=fk8323r577w"
"Consolation No. 3 in D-Flat Major, S. 172","Franz Liszt","0.922","https://www.youtube.com/watch?v=MfDmUk7ie6s"
"6 Consolations, S. 172: No. 3 in D-Flat Major (Lento, placido)","Daniel Barenboim","0.922","https://www.youtube.com/watch?v=roFXldnkMqA"
"Consolation No. 3 in D-Flat Major, S. 172","Lang Lang","0.922","https://www.youtube.com/watch?v=ufBUoUM3-TA"
"Piano Concerto No. 5 in E-Flat Major, Op. 73 ""Emperor"": II. Adagio un poco mosso - Live at Konzerthaus Berlin / 2018","Academy of St. Martin in the Fields","0.922","https://www.youtube.com/watch?v=0KRSx1lpjT8"
"6 Consolations, S. 172: No. 3 in D-Flat Major (Lento, placido)","Franz Liszt","0.922","https://www.youtube.com/watch?v=roFXldnkMqA"
"Sheep May Safely Graze","Johann Sebastian Bach","0.922","https://www.youtube.com/watch?v=ZIUCRXMM4pE"
"Solomon, HWV 67: Arrival of the Queen of Sheba","George Frideric Handel","0.921","https://www.youtube.com/watch?v=C66XCqWkhmw"
"Handel: Suite No. 11 in D Minor, HWV 437: III. Sarabande - Remastered 2022","George Frideric Handel","0.921","https://www.youtube.com/watch?v=1jIaYxdkrfM"
"Ständchen in D Minor (After Schubert), S. 560","Franz Liszt","0.921","https://www.youtube.com/watch?v=SlTTgJau33Q"
"Rain and Thunderstorm, Pt. 1","Rain Fruits Sounds","0.921","https://www.youtube.com/watch?v=cv2-ustvqN4"
"Solomon HWV 67 / Act 3: The Arrival Of The Queen Of Sheba","Academy of St. Martin in the Fields","0.92","https://www.youtube.com/watch?v=KErrDz8HcZY"
"Solomon HWV 67 / Act 3: The Arrival Of The Queen Of Sheba","Sir Neville Marriner","0.92","https://www.youtube.com/watch?v=KErrDz8HcZY"
"Liebestraume, S541/R211 : No. 3: Nocturne in A-Flat Major","Franz Liszt","0.92","https://www.youtube.com/watch?v=rjgj4X7OYjg"
"12 Songs, Op. 21: V. Lilacs (Transcr. Rachmaninoff for Solo Piano)","Sergei Rachmaninoff","0.92","https://www.youtube.com/watch?v=VTbylwbqtGU"
"Die Hochzeit des Figaro, K. 492, 3. Akt: Canzonetta sull aria… Che soave zeffiretto (Die Verurteilten): Sinfonia","Wolfgang Amadeus Mozart","0.92",NULL
"Unravel Lofi (Tokyo Ghoul)","Kato","0.92","https://www.youtube.com/watch?v=UmkzfRMXjs4"
"Subwoofer Lullaby","C418","0.919","https://www.youtube.com/watch?v=ibUOxEBxVsE"
"Stan","Chill Fruits Music","0.919","https://www.youtube.com/watch?v=wHgrznvmSOk"
"Suite bergamasque, L. 75: III. Clair de lune","Claude Debussy","0.919","https://www.youtube.com/watch?v=CvFH_6DNRCY"
"Rolling Like A Ball","Ludovico Einaudi","0.919","https://www.youtube.com/watch?v=C3Ao25BmetE"
"NIGHT RIDER","Joji","0.919","https://www.youtube.com/watch?v=PuXJD_7VlYo"
"Stan","Lofi Fruits Music","0.919","https://www.youtube.com/watch?v=wHgrznvmSOk"
"Piano Concerto No. 2 in C Minor, Op. 18: I. Moderato","Sergei Rachmaninoff","0.919","https://www.youtube.com/watch?v=rEGOihjqO9w"
"Per Vachaalum Vaikkaama (From ""Dikkiloona"")","Ilaiyaraaja","0.918","https://www.youtube.com/watch?v=-BUDo3mow00"
"Swan Lake (Suite), Op. 20a, TH. 219: I. Scene - Swan Theme","Berliner Philharmoniker","0.918","https://www.youtube.com/watch?v=6TSUDVQBwsM"
"Courtyard Apocalypse","Alexandre Desplat","0.918","https://www.youtube.com/watch?v=kAI9R60zjrw"
"Cherry","Ratatat","0.918","https://www.youtube.com/watch?v=WW8VmSfYLAU"
"Travelin' Light","J.J. Cale","0.918","https://www.youtube.com/watch?v=_OgjB6y70ew"
"Ashitaka and San","Joe Hisaishi","0.917","https://www.youtube.com/watch?v=faf98cNY8A8"
"Requiem, K. 626: Lacrimosa","Stephen Cleobury","0.917","https://www.youtube.com/watch?v=Nz4QV6VRvUw"
"Requiem, K. 626: Lacrimosa","Wolfgang Amadeus Mozart","0.917",NULL
"The Batman Theme","Danny Elfman","0.916","https://www.youtube.com/watch?v=8JtDHoK9KL8"
"Kinderszenen, Op. 15: 7. Träumerei","Robert Schumann","0.916","https://www.youtube.com/watch?v=_RmuTuVWXy4"
"Suite in D Minor, HWV 447: Allemande","George Frideric Handel","0.916","https://www.youtube.com/watch?v=iCBAeHDlU1E"
"Rinaldo, HWV 7: Lascia ch'io pianga (Arr. for Piano)","George Frideric Handel","0.916","https://www.youtube.com/watch?v=EF900GG7uVw"
"Limu, limu, lima (Arr. Schindler for Piano)","Lang Lang","0.916","https://www.youtube.com/watch?v=N0cKkVMyL_A"
"Lullaby (Guten Abend, gut' Nacht)","Johannes Brahms","0.916","https://www.youtube.com/watch?v=ypMW4iPzlmM"
"Unaccompanied Cello Suite No. 1 in G major, BWV 1007: I. Prélude","Yo-Yo Ma","0.916","https://www.youtube.com/watch?v=1prweT95Mo0"
"Tchaikovsky: Swan Lake, Op. 20, Act II: No. 10, Scene. Moderato","Pyotr Ilyich Tchaikovsky","0.916","https://www.youtube.com/watch?v=xVBNVR1wQT8"
"Moonlight Sonata (First Movement from Piano Sonata No. 14, Op. 27 No. 2)","Ludwig van Beethoven","0.916","https://www.youtube.com/watch?v=sbTVZMJ9Z2I"
"Tchaikovsky: Swan Lake, Op. 20, Act II: No. 10, Scene. Moderato","London Symphony Orchestra","0.916","https://www.youtube.com/watch?v=xVBNVR1wQT8"
"Unaccompanied Cello Suite No. 1 in G major, BWV 1007: I. Prélude","Johann Sebastian Bach","0.916","https://www.youtube.com/watch?v=1prweT95Mo0"
"outside","Øneheart","0.916","https://www.youtube.com/watch?v=sZ6tv2kT8_k"
"Aria Math","C418","0.915","https://www.youtube.com/watch?v=kkII2SLwGcs"
"Nostrand","Ratatat","0.915","https://www.youtube.com/watch?v=XCdQhhaP_ms"
"Ode to Vivian - Rework","Patrick Watson","0.915","https://www.youtube.com/watch?v=lcuMwAt3MjI"
"ANTIGRAVITY","Ratatat","0.915","https://www.youtube.com/watch?v=FTNiN15hX_4"
"1917","Thomas Newman","0.915","https://www.youtube.com/watch?v=gqo46lt-8Q4"
"Shawshank Prison - Stoic Theme","Thomas Newman","0.915","https://www.youtube.com/watch?v=c4ciBeyOv4E"
"Hopes And Dreams","Toby Fox","0.914","https://www.youtube.com/watch?v=H36pi8bm6zA"
"Chamber Of Reflection","Mac DeMarco","0.914","https://www.youtube.com/watch?v=kz9jhG963no"
"Across the Stars (Love Theme from ""Star Wars: Attack of the Clones"")","London Symphony Orchestra","0.914",NULL
"Greensleeves","Vince Guaraldi Trio","0.914","https://www.youtube.com/watch?v=SHU99s793q8"
"All My Joy, All My Pain","Fabrizio Paterlini","0.914","https://www.youtube.com/watch?v=ur1I629M39g"
"Kinderszenen, Op. 15: 1. Von fremden Ländern und Menschen","Robert Schumann","0.914","https://www.youtube.com/watch?v=tYg6d7CUHRA"
"Gabriel's Oboe","Ennio Morricone","0.914","https://www.youtube.com/watch?v=s7w-IeNR9ko"
"Minuet in A major, D. 334","Franz Schubert","0.913","https://www.youtube.com/watch?v=uwOf7waK2cU"
"Nocturne en Mi Bémol Majeur, Op. 9 No. 2","Frédéric Chopin","0.913","https://www.youtube.com/watch?v=p29JUpsOSTE"
"Shower Sound - Loopable Without Fade","White Noise for Babies","0.913","https://www.youtube.com/watch?v=SY1WlF7XzlI"
"After Midnight","Lofi Fruits Music","0.913","https://www.youtube.com/watch?v=gNnyemhFPPc"
"Piano Sonata No. 16 in C Major, K. 545 ""Sonata facile"": I. Allegro","Wolfgang Amadeus Mozart","0.913","https://www.youtube.com/watch?v=I_AX4R-d29o"
"After Midnight","Chill Fruits Music","0.913","https://www.youtube.com/watch?v=gNnyemhFPPc"
"The Battle","Gavin Greenaway","0.913","https://www.youtube.com/watch?v=kln605W1r3E"
"The Battle","The Lyndhurst Orchestra","0.913","https://www.youtube.com/watch?v=kln605W1r3E"
"The Battle","Lisa Gerrard","0.913","https://www.youtube.com/watch?v=o2ZiIPEorP0"
"Le Cygne","Camille Saint-Saëns","0.913","https://www.youtube.com/watch?v=b44-5M4e9nI"
"Die Nacht (Arr. for Cello and Guitar by Anja Lechner and Pablo Márquez)","Franz Schubert","0.912","https://www.youtube.com/watch?v=fTmJFgVSCGA"
"Kinderszenen, Op. 15: No. 1, Von fremden Ländern und Menschen","Robert Schumann","0.912","https://www.youtube.com/watch?v=tYg6d7CUHRA"
"The Blonde","TV Girl","0.912","https://www.youtube.com/watch?v=pTlPiKrnjhk"
"Frühlingsglaube (Arr. Franz Liszt)","Franz Schubert","0.912","https://www.youtube.com/watch?v=jqL0o3bUthQ"
"fairytale (slowed - house remix)","Tazzy","0.912","https://www.youtube.com/watch?v=A1kzr5ldsbU"
"Clair de Lune, L. 32","Claude Debussy","0.912","https://www.youtube.com/watch?v=CvFH_6DNRCY"
"Bagatelle No. 25 in A Minor, WoO 59 ""Für Elise""","Ludwig van Beethoven","0.911","https://www.youtube.com/watch?v=wfF0zHeU3Zs"
"MISS YOU HARDSTYLE","SICK LEGEND","0.911","https://www.youtube.com/watch?v=zau0dckCFi0"
"Rêverie, L. 68: Rêverie","Claude Debussy","0.91","https://www.youtube.com/watch?v=QRjllL-MP0U"
"In the Name of Love","Grover Washington, Jr.","0.91","https://www.youtube.com/watch?v=XLyTpa1Svvw"
"Vivaldi: The Four Seasons, Violin Concerto in G Minor, Op. 8 No. 2, RV 315 ""Summer"": III. Presto","Antonio Vivaldi","0.91","https://www.youtube.com/watch?v=jAnzlpPuIDU"
"The Four Seasons - Summer in G Minor, RV. 315: III. Presto","Antonio Vivaldi","0.91","https://www.youtube.com/watch?v=NVc1bg6Omeo"
"16 Waltzes, Op. 39 (1867 version): No. 3 in G-Sharp Minor","Johannes Brahms","0.909","https://www.youtube.com/watch?v=gghl-b5qAP8"
"Dance of the Sugar Plum Fairy","Pyotr Ilyich Tchaikovsky","0.909","https://www.youtube.com/watch?v=k0iP6j6nhjY"
"Go","Moby","0.909","https://www.youtube.com/watch?v=NLCHARjjrws"
"Piano Concerto No. 5 in E-Flat Major, Op. 73 ""Emperor"": II. Adagio un poco mosso","Wiener Philharmoniker","0.909","https://www.youtube.com/watch?v=cd9rg9v25bo"
"Piano Concerto No. 5 in E-Flat Major, Op. 73 ""Emperor"": II. Adagio un poco mosso","Sir Simon Rattle","0.909","https://www.youtube.com/watch?v=bMd2qdJ-Os0"
"Alors on Danse Slowed","Dybbukk","0.909","https://www.youtube.com/watch?v=4Pbz_fJqm1Y"
"Once upon a time in America (Deborah's Theme)","Ennio Morricone","0.909","https://www.youtube.com/watch?v=PuyYc0gINbU"
"Fake Empire","The National","0.909","https://www.youtube.com/watch?v=jsvgH2yZ5m0"
"Forever","Alex G","0.909","https://www.youtube.com/watch?v=xho3io5ExwI"
"Body Dysmorphia","Eyedress","0.909","https://www.youtube.com/watch?v=MRnHu0FhAFQ"
"Rainbows","I Virtuosi Italiani","0.908","https://www.youtube.com/watch?v=nG_hH6qL-ww"
"Futile Devices","Sufjan Stevens","0.908","https://www.youtube.com/watch?v=8foWYFO5eLA"
"Comptine d'un autre été, l'après-midi","Yann Tiersen","0.908","https://www.youtube.com/watch?v=NvryolGa19A"
"If only I could tell","Fabrizio Paterlini","0.907","https://www.youtube.com/watch?v=NSU-9_xaIpQ"
"Le Matin","Yann Tiersen","0.907","https://www.youtube.com/watch?v=e3aTuW710mk"
"Concerto for Strings in G Major, RV 151, ""Alla Rustica"": I. Presto","Antonio Vivaldi","0.907","https://www.youtube.com/watch?v=bwe8ycrMX2w"
"Die Walküre, WWV 86B - Concert version / Dritter Aufzug: The Ride of the Valkyries","Wiener Philharmoniker","0.907","https://www.youtube.com/watch?v=8RegGcEsiqc"
"Written on the Sky","Max Richter","0.906","https://www.youtube.com/watch?v=yShmGUlylzA"
"Fantasia in D Minor, K. 397","Wolfgang Amadeus Mozart","0.906","https://www.youtube.com/watch?v=1BkZ8ci8_k4"
"Kinderszenen, Op. 15: Träumerei (Arr. Lewin for Guitar)","Robert Schumann","0.906","https://www.youtube.com/watch?v=8WWboiOyya0"
"Rhapsody on a Theme of Paganini, Op. 43: Variation No. 18 Andante cantabile","Sergei Rachmaninoff","0.906","https://www.youtube.com/watch?v=ThTU04p3drM"
"Piano Concerto No. 2 in C Minor, Op. 18: 1. Moderato","Sergei Rachmaninoff","0.906","https://www.youtube.com/watch?v=rEGOihjqO9w"
"Goldberg Variations, BWV 988: Variatio 7 a 1 ovvero 2 Clav. Al tempo di Giga","Lang Lang","0.906","https://www.youtube.com/watch?v=yJEhmKg5yIY"
"Schwanengesang, D. 957: Ständchen ""Leise flehen meine Lieder""","Franz Schubert","0.905","https://www.youtube.com/watch?v=0xWxum9MOMQ"
"Dreams Never End - 2015 Remaster","New Order","0.905","https://www.youtube.com/watch?v=WS1X0EBlQ3Y"
"Kiss The Rain","Yiruma","0.905","https://www.youtube.com/watch?v=so6ExplQlaY"
"Carry Me Home - Twenty Rave Remix","Steve Edwards","0.905","https://www.youtube.com/watch?v=CIHvhibChZQ"
"The Bridge of Khazad Dum","Howard Shore","0.905","https://www.youtube.com/watch?v=OFSC4pgN3Mw"
"Life","Daniel Hope","0.904","https://www.youtube.com/watch?v=Dg8K-vtoN6c"
"Rain and Thunderstorm, Pt. 4","Rain Fruits Sounds","0.904","https://www.youtube.com/watch?v=cv2-ustvqN4"
"Life","I Virtuosi Italiani","0.904","https://www.youtube.com/watch?v=XvdtKK-UaE0"
"Requiem in D Minor, K. 626: 3. Sequentia: Rex tremendae - Live","Claudio Abbado","0.904","https://www.youtube.com/watch?v=gijEyv4rHqY"
"Fallen Down (Reprise)","Toby Fox","0.904","https://www.youtube.com/watch?v=AvDrW4JTjME"
"METAMORPHOSIS - Sped Up","INTERWORLD","0.904","https://www.youtube.com/watch?v=nJ5GHtDLYu8"
"Spring 1 - 2012","Daniel Hope","0.903",NULL
"Night Trouble","Chill Fruits Music","0.903","https://www.youtube.com/watch?v=xeVcHQKOOkQ"
"Spring 1 - 2012","Max Richter","0.903","https://www.youtube.com/watch?v=6T0MFCX9SLI"
"Night Trouble","Lofi Fruits Music","0.903","https://www.youtube.com/watch?v=xeVcHQKOOkQ"
"DANCE: I. when you're broken open","London Philharmonic Orchestra","0.903","https://www.youtube.com/watch?v=La22CjPFbIY"
"Peer Gynt Suite No. 1, Op. 46: 1. Morning Mood","Herbert von Karajan","0.903","https://www.youtube.com/watch?v=8fATAQtY9ag"
"The Batman","Michael Giacchino","0.903","https://www.youtube.com/watch?v=Cwcinb2OxUo"
"Liebestraum (Love Dream)","Franz Liszt","0.903","https://www.youtube.com/watch?v=KpOtuoHL45Y"
"Piano Concerto in A minor, Op. 16: II. Adagio - Live","Edvard Grieg","0.902","https://www.youtube.com/watch?v=R0DAacLUqEg"
"The Mission: Gabriel's Oboe","Yo-Yo Ma","0.902","https://www.youtube.com/watch?v=s7w-IeNR9ko"
"10 Preludes, Op. 23: No. 5 in G Minor: Alla marcia","Sergei Rachmaninoff","0.902","https://www.youtube.com/watch?v=GhBXx-2PadM"
"Liebestraum No. 3 in A-Flat Major, S. 541 / 3","Lang Lang","0.902","https://www.youtube.com/watch?v=2FqugGjOkQE"
"Liebestraum No. 3 in A-Flat Major, S. 541 / 3","Franz Liszt","0.902","https://www.youtube.com/watch?v=MBOa-2b4uQQ"
"Sechs Klavierstücke, Op. 118: II. Intermezzo in A Major","Johannes Brahms","0.901","https://www.youtube.com/watch?v=1h4Re5WBEAc"
"Blue Side (Outro)","j-hope","0.901","https://www.youtube.com/watch?v=OZD_EU_hMUQ"
"distorted memories","Øneheart","0.901","https://www.youtube.com/watch?v=gSwi1Tk1gV8"
"Vladimir's Blues","Max Richter","0.901","https://www.youtube.com/watch?v=NZuc3_kSRk4"
"Piano Concerto in A Minor, Op. 16: I. Allegro molto moderato","Edvard Grieg","0.901","https://www.youtube.com/watch?v=I1Yoyz6_Los"
"METAMORPHOSIS","INTERWORLD","0.901","https://www.youtube.com/watch?v=-dhx7Hnu-wo"
"Carnaval, Op. 9: No. 12. Chopin","Robert Schumann","0.901","https://www.youtube.com/watch?v=q3f3-rgkbh4"
"Invaders Must Die","The Prodigy","0.901","https://www.youtube.com/watch?v=EiqFcc_l_Kk"
"Longing","Gustavo Santaolalla","0.9","https://www.youtube.com/watch?v=tLZGgKvazRc"
"Winter 1 - 2012","Daniel Hope","0.9","https://www.youtube.com/watch?v=LtI1PKFasME"
"METAMORPHOSIS - Slowed + Reverb","INTERWORLD","0.9","https://www.youtube.com/watch?v=Kii1mdfiX3Y"
"Dreams Come True","Øneheart","0.9","https://www.youtube.com/watch?v=QqtJS7tOE3Y"
"Suite bergamasque, L. 75: III. Clair de lune","Daniel Barenboim","0.9","https://www.youtube.com/watch?v=5U-SCt8XP5c"
"The Flight To Neverland - From ""Hook""","Gavin Greenaway","0.9","https://www.youtube.com/watch?v=vxBqr_pkY-M"
"Left and Right (feat. Jung Kook of BTS) - Instrumental","Jung Kook","0.9","https://www.youtube.com/watch?v=a7GITgqwDVg"
"Star Shopping (Slowed)","Dybbukk","0.899","https://www.youtube.com/watch?v=neu1pwGP38U"
"I","Aphex Twin","0.899","https://www.youtube.com/watch?v=TZ827lkktYs"
"Rain and Thunderstorm, Pt. 6","Rain Fruits Sounds","0.898","https://www.youtube.com/watch?v=cv2-ustvqN4"
"Gangsta's Paradise","Lofi Fruits Music","0.898","https://www.youtube.com/watch?v=M67A7jmvQik"
"Lovesong - 2010 Remaster","The Cure","0.898","https://www.youtube.com/watch?v=ks_qOI0lzho"
"Serenade in B-Flat Major, K. 361 ""Gran Partita"": III. Adagio","Wolfgang Amadeus Mozart","0.898","https://www.youtube.com/watch?v=NecLh4YOT9M"
"I'm Yours","Lofi Fruits Music","0.898","https://www.youtube.com/watch?v=MlK1mbeeCcE"
"Loneliness (Naruto)","Kato","0.898","https://www.youtube.com/watch?v=QN7uZAJ9yI0"
"Gangsta's Paradise","Chill Fruits Music","0.898","https://www.youtube.com/watch?v=M67A7jmvQik"
"I'm Yours","Chill Fruits Music","0.898","https://www.youtube.com/watch?v=MlK1mbeeCcE"
"Can I See You Tonight?","Eyedress","0.898","https://www.youtube.com/watch?v=m-I6QiuOuO4"
"Symphony No. 5 in C Minor, Op. 67: I. Allegro con brio","Ludwig van Beethoven","0.897","https://www.youtube.com/watch?v=-VVXqNt4qU0"
"Take Me There (7"" Version)","Grover Washington, Jr.","0.897","https://www.youtube.com/watch?v=rNyIH9pAT84"
"life’s a dream","d4vd","0.897","https://www.youtube.com/watch?v=kXaM_cu5-3A"
"The Well-Tempered Clavier, Book 1, BWV 846-869 / Prelude & Fugue in C Major, BWV 846: I. Prelude","Johann Sebastian Bach","0.897","https://www.youtube.com/watch?v=gVah1cr3pU0"
"Montero: Adagio (After Bach's Violin Concerto No. 2, BWV 1042)","Johann Sebastian Bach","0.897","https://www.youtube.com/watch?v=7ObkAAcmUoo"
"Nocturne No. 1 In B Flat Minor, Op. 9 No. 1","Frédéric Chopin","0.897","https://www.youtube.com/watch?v=ZtIW2r1EalM"
"Symphony No. 5 in C Minor, Op. 67: I. Allegro con brio","Wiener Philharmoniker","0.897","https://www.youtube.com/watch?v=-VVXqNt4qU0"
"Serenade for Strings in E Major, Op. 22, B. 52: IV. Larghetto","Wiener Philharmoniker","0.897","https://www.youtube.com/watch?v=J5megnjqmrU"
"Feed the Birds - From ""Mary Poppins""","Lang Lang","0.897","https://www.youtube.com/watch?v=CzYwjc9MVU0"
"The Great Gig in the Sky","Pink Floyd","0.896","https://www.youtube.com/watch?v=vWZ6hmHj2MA"
"Vocalise, Op. 34, No. 14","Sergei Rachmaninoff","0.896","https://www.youtube.com/watch?v=b0FpMjsBerY"
"Oblivion","Grimes","0.896","https://www.youtube.com/watch?v=JtH68PJIQLE"
"The Well-Tempered Clavier, Book 1, BWV 846-869 / Prelude & Fugue in C Major, BWV 846: I. Prelude","Lang Lang","0.896","https://www.youtube.com/watch?v=gVah1cr3pU0"
"Symphony No. 25 in G Minor, K. 183: I. Allegro con brio","Sir Neville Marriner","0.896","https://www.youtube.com/watch?v=dmNFdPrE7hI"
"Symphony No. 25 in G Minor, K. 183: I. Allegro con brio","Academy of St. Martin in the Fields","0.896","https://www.youtube.com/watch?v=0uZOHej8H7g"
"Symphony No. 25 in G Minor, K. 183: I. Allegro con brio","Wolfgang Amadeus Mozart","0.896","https://www.youtube.com/watch?v=rNeirjA65Dk"
"Bach, JS : Well-Tempered Clavier Book 1 : Prelude No.1 in C major BWV846","Daniel Barenboim","0.895","https://www.youtube.com/watch?v=gVah1cr3pU0"
"Mr. Rager","Kid Cudi","0.895","https://www.youtube.com/watch?v=06r35x1nvo0"
"I Wanted to Leave","SYML","0.895","https://www.youtube.com/watch?v=ZPItV_q1u38"
"That Home","The Cinematic Orchestra","0.894","https://www.youtube.com/watch?v=w-kne4ZTQDE"
"Headphones","Lofi Fruits Music","0.894","https://www.youtube.com/watch?v=mMMaj3tjimM"
"Headphones","Chill Fruits Music","0.894","https://www.youtube.com/watch?v=mMMaj3tjimM"
"Beauty and the Beast - From ""Beauty and the Beast""","Royal Philharmonic Orchestra","0.894","https://www.youtube.com/watch?v=oKeEts4_Zpk"
"Tchaikovsky: 1812 Overture in E-Flat Major, Op. 49","Daniel Barenboim","0.894","https://www.youtube.com/watch?v=gz2jJ9LrhaM"
"Tell Me Why - MEDUZA Remix","MEDUZA","0.894","https://www.youtube.com/watch?v=e-IazpDc_mk"
"2 Arabesques, L. 66: I. Andantino con moto","Claude Debussy","0.894","https://www.youtube.com/watch?v=ymWrj4W2qcQ"
"180db_ [130]","Aphex Twin","0.894","https://www.youtube.com/watch?v=4i4ulGhWkSY"
"Maula Mere Maula - LoFi","Roop Kumar Rathod","0.894","https://www.youtube.com/watch?v=l5sgIqzlPXc"
"Ragnarök","Bear McCreary","0.893","https://www.youtube.com/watch?v=ibW8gmXHWaw"
"Main Title (From Game of Thrones: Season 6)","Ramin Djawadi","0.893","https://www.youtube.com/watch?v=pS-gbqbVd8c"
"Vivaldi Variation (Arr. for Piano from Concerto for Strings in G Minor, RV 156)","Antonio Vivaldi","0.893","https://www.youtube.com/watch?v=EXgNlueMu6k"
"Serenade No. 13 in G Major, K. 525, ""Eine kleine Nachtmusik"": I. Allegro","Wolfgang Amadeus Mozart","0.893","https://www.youtube.com/watch?v=rHZ0nkZatJk"
"You Know What I Mean","Jeff Beck","0.892","https://www.youtube.com/watch?v=LzJ2WA-ubMM"
"One Summer Day","Joe Hisaishi","0.892","https://www.youtube.com/watch?v=TK1Ij_-mank"
"528 Hz Release Inner Conflict & Struggle","Solfeggio Healing Frequencies MT","0.891","https://www.youtube.com/watch?v=UkM-FjfN6Mc"
"Extremely Loud and Incredibly Close","Alexandre Desplat","0.891","https://www.youtube.com/watch?v=5D7Xbkx_cPI"
"snowfall (Sped Up)","Øneheart","0.891","https://www.youtube.com/watch?v=1beH7w29t34"
"528 Hz Release Inner Conflict & Struggle","Miracle Tones","0.891","https://www.youtube.com/watch?v=UkM-FjfN6Mc"
"Goodbye Brother - From The ""Game Of Thrones"" Soundtrack","Ramin Djawadi","0.891","https://www.youtube.com/watch?v=5JkKFrH6swg"
"U’re Mine","Kina","0.891","https://www.youtube.com/watch?v=u1ZWRUPYlog"
"The Choice","Gustavo Santaolalla","0.89","https://www.youtube.com/watch?v=vYge_43m_jc"
"Carnival of the Animals, R. 125: The Swan","Yo-Yo Ma","0.89","https://www.youtube.com/watch?v=3qrKjywjo7Q"
"Ever Now","Gesaffelstein","0.89","https://www.youtube.com/watch?v=LAe6Sm_MAdY"
"Ageispolis","Aphex Twin","0.89","https://www.youtube.com/watch?v=RsZPmcWTajs"
"Carnival of the Animals, R. 125: The Swan","Camille Saint-Saëns","0.89","https://www.youtube.com/watch?v=JO5QYvxcvi4"
"Nuvole Bianche","Ludovico Einaudi","0.89","https://www.youtube.com/watch?v=O-HsW142T5g"
"Sodium","BONES","0.89","https://www.youtube.com/watch?v=OQTImQ0RQNg"
"Planet Caravan - 2012 - Remaster","Black Sabbath","0.889","https://www.youtube.com/watch?v=SvrOzYtnLMA"
"The Imitation Game","Alexandre Desplat","0.889","https://www.youtube.com/watch?v=9Tr9x_MJFrA"
"We Contain Multitudes — piano reworks","Yiruma","0.889","https://www.youtube.com/watch?v=mmVpvtzU2bI"
"Nuovo Cinema Paradiso","Ennio Morricone","0.889","https://www.youtube.com/watch?v=WSkyoyyvnAY"
"Freeway Jam","Jeff Beck","0.889","https://www.youtube.com/watch?v=u6jHlW414sQ"
"Around the World","Daft Punk","0.889","https://www.youtube.com/watch?v=K0HSD_i2DvA"
"The Streets of Whiterun","Jeremy Soule","0.889","https://www.youtube.com/watch?v=V6lWntKl588"
"Rue des trois frères","Fabrizio Paterlini","0.889","https://www.youtube.com/watch?v=fsDZqNLBfNo"
"The Imitation Game","London Symphony Orchestra","0.889","https://www.youtube.com/watch?v=0UbJdtdCe5E"
"Honor Him","The Lyndhurst Orchestra","0.888","https://www.youtube.com/watch?v=nH3ibTjuLYs"
"Honor Him","Gavin Greenaway","0.888","https://www.youtube.com/watch?v=Cq7vKWK3FIU"
"Pjanoo - Club Mix","Eric Prydz","0.888","https://www.youtube.com/watch?v=f-Nd5aWM2Ks"
"Ave Maria","Yo-Yo Ma","0.888","https://www.youtube.com/watch?v=hyUhEjtlDLA"
"PPP","Beach House","0.888","https://www.youtube.com/watch?v=vfnno2pfL4w"
"The Flower Garden","Joe Hisaishi","0.888","https://www.youtube.com/watch?v=XcoyRYIMfzw"
"Symphony No. 9 In D Minor, Op. 125 - ""Choral"": 1. Allegro ma non troppo, un poco maestoso","Herbert von Karajan","0.888","https://www.youtube.com/watch?v=1XT4T9b7Q4w"
"Tree of Life Suite: Oceano","Royal Philharmonic Orchestra","0.888","https://www.youtube.com/watch?v=r_WXFWAvgK0"
"Statues","Alexandre Desplat","0.888","https://www.youtube.com/watch?v=QjeE7ulENcc"
"La campanella in G-Sharp Minor (From ""Grandes études de Paganini"", S. 141 / 3)","Franz Liszt","0.888","https://www.youtube.com/watch?v=dBwEXRz3A40"
"Sonata No. 14 ""Moonlight"" in C-Sharp Minor"", Op. 27 No. 2: I. Adagio sostenuto","Ludwig van Beethoven","0.887","https://www.youtube.com/watch?v=2xSpGxAMGKs"
"Menuet in G Minor (trans. W. Kempff)","George Frideric Handel","0.887","https://www.youtube.com/watch?v=4wXS_7qUwTs"
"O Morro Não Tem Vez","Antônio Carlos Jobim","0.887","https://www.youtube.com/watch?v=wRY5xrl29HI"
"Piano Concerto in A Minor, Op. 16: I. Allegro molto moderato","Edvard Grieg","0.887","https://www.youtube.com/watch?v=I1Yoyz6_Los"
"528 Hz Emotional Healing","Solfeggio Healing Frequencies MT","0.887",NULL
"Liebesleid (Love's Sorrow)","Sergei Rachmaninoff","0.886","https://www.youtube.com/watch?v=ZFvx32SjAtE"
"Between the Bars","Elliott Smith","0.886","https://www.youtube.com/watch?v=p4cJv6s_Yjw"
"The Night King","Ramin Djawadi","0.886","https://www.youtube.com/watch?v=k1frgt0D_f4"
"Death By Glamour","Toby Fox","0.885","https://www.youtube.com/watch?v=2TgO-tN5wAM"
"Home","Toby Fox","0.885","https://www.youtube.com/watch?v=5_E_y1AWAfc"
"Anchor","Novo Amor","0.884","https://www.youtube.com/watch?v=OmKAn8rNbKg"
"BIG SHOT","Toby Fox","0.884","https://www.youtube.com/watch?v=uivFFnCI8tM"
"Fear of the Water","SYML","0.882","https://www.youtube.com/watch?v=-T4THwne8IE"
"Mozart: Concerto For Clarinet And Orchestra In A (K. 622)","Sir Neville Marriner","0.882","https://www.youtube.com/watch?v=wLcRecxb8Mo"
"Mozart: Concerto For Clarinet And Orchestra In A (K. 622)","Academy of St. Martin in the Fields","0.882","https://www.youtube.com/watch?v=YT_63UntRJE"
"Pokémon Theme Lofi","Kato","0.881","https://www.youtube.com/watch?v=GFj3jYhz3n4"
"Piano Sonata No. 14 in C-Sharp Minor, Op. 27 No. 2 - ""Moonlight"": I. Adagio sostenuto","Daniel Barenboim","0.881","https://www.youtube.com/watch?v=q5OaSju0qNc"
"Piano Sonata No. 14 in C-Sharp Minor, Op. 27 No. 2 - ""Moonlight"": I. Adagio sostenuto","Ludwig van Beethoven","0.881","https://www.youtube.com/watch?v=2xSpGxAMGKs"
"Chopin: Nocturne No. 20 in C-Sharp Minor, Op. Posth.","Frédéric Chopin","0.881","https://www.youtube.com/watch?v=_hyAOYMUVDs"
"May Be","Yiruma","0.879","https://www.youtube.com/watch?v=iMPHFWRrzv0"
"Breathe","The Prodigy","0.878","https://www.youtube.com/watch?v=rmHDhAohJlQ"
"Arrival","The Alchemist","0.878","https://www.youtube.com/watch?v=VOzGHqs9bRM"
"Una Mattina","Ludovico Einaudi","0.878","https://www.youtube.com/watch?v=j1Ck42-_btY"
"Beach Waves and Soothing Brown Noise","Ocean Sounds","0.877","https://www.youtube.com/watch?v=m5ZJAOaCQZ4"
"PDA","Interpol","0.877","https://www.youtube.com/watch?v=3oL5QQ-6sQ0"
"Für Elise, WoO 59","Ludwig van Beethoven","0.877","https://www.youtube.com/watch?v=noAU3qDS1dA"
"Beach Waves and Soothing Brown Noise","Ocean Waves For Sleep","0.877","https://www.youtube.com/watch?v=m5ZJAOaCQZ4"
"Greyhound","Swedish House Mafia","0.876","https://www.youtube.com/watch?v=PDboaDrHGbA"
"To You Alone","Tom Rosenthal","0.876","https://www.youtube.com/watch?v=E8REeOrmIMU"
"The Jester's Dance","In Flames","0.876","https://www.youtube.com/watch?v=I2gw5OfRgb8"
"I Need A Forest Fire","James Blake","0.875","https://www.youtube.com/watch?v=sAJgs1P-uUE"
"Adagio for Strings and Organ in G Minor","Herbert von Karajan","0.875","https://www.youtube.com/watch?v=4SRAlF_JYS4"
"Voodoo People - Pendulum Mix","The Prodigy","0.875","https://www.youtube.com/watch?v=XQEBzauVIlA"
"Lyric Pieces, Book 9, Op. 68: Badnlat (Cradle Song)","Edvard Grieg","0.874","https://www.youtube.com/watch?v=Y-nJzJqYe9g"
"snowfall (Slowed + Reverb)","Øneheart","0.874","https://www.youtube.com/watch?v=LlN8MPS7KQs"
"My Misty Mornings","Fabrizio Paterlini","0.874","https://www.youtube.com/watch?v=f2m8DcBvmkI"
"Habits (Stay High) - Hippie Sabotage Remix","Tove Lo","0.874","https://www.youtube.com/watch?v=SYM-RJwSGQ8"
"Gymnopédie No. 3","Erik Satie","0.873","https://www.youtube.com/watch?v=jVLsLT6cvJ4"
"Epilogue","Jóhann Jóhannsson","0.873","https://www.youtube.com/watch?v=prucgWmK6Dc"
"Kiss the Rain","Yiruma","0.872","https://www.youtube.com/watch?v=so6ExplQlaY"
"The Power of Prophecy","Ramin Djawadi","0.872","https://www.youtube.com/watch?v=Iz4pnCrxdRc"
"Coming Back Around","John Powell","0.872","https://www.youtube.com/watch?v=O5GE5UvF9ZI"
"Front Line","Steve Edwards","0.872","https://www.youtube.com/watch?v=_InnQ-ZpVVs"
"Sleepless","D.O.D","0.871","https://www.youtube.com/watch?v=t5Da9RjQDgM"
"Lateralus","TOOL","0.871","https://www.youtube.com/watch?v=Y7JG63IuaWs"
"Avril 14th","Aphex Twin","0.871","https://www.youtube.com/watch?v=MBFXJw7n-fU"
"Capriol Suite: 5. Pied-en- l'air","Sir Neville Marriner","0.871","https://www.youtube.com/watch?v=1yq90OILpIM"
"The Mission","Ennio Morricone","0.871","https://www.youtube.com/watch?v=s7w-IeNR9ko"
"Capriol Suite: 5. Pied-en- l'air","Academy of St. Martin in the Fields","0.871","https://www.youtube.com/watch?v=1yq90OILpIM"
"Losing Interest","Shiloh Dynasty","0.87","https://www.youtube.com/watch?v=HC6xx-GxlUY"
"Prélude in E minor, Op. 28, No. 4","Frédéric Chopin","0.869","https://www.youtube.com/watch?v=l1OWaAJdNt0"
"Requiem in D Minor, K. 626: 1. Introitus: Requiem - Live","Claudio Abbado","0.869","https://www.youtube.com/watch?v=KcnBPqOddSM"
"Opening Song - Merry-Go-Round of Life","Joe Hisaishi","0.869","https://www.youtube.com/watch?v=f7SS57LFPco"
"Forces of Attraction","Jóhann Jóhannsson","0.869","https://www.youtube.com/watch?v=l2NQSgZcEdY"
"Tchaikovsky: The Nutcracker, Op. 71, Act I, Scene 1: No. 2, March","Pyotr Ilyich Tchaikovsky","0.868","https://www.youtube.com/watch?v=U2Tjd3flBCc"
"Hypnocurrency","deadmau5","0.868","https://www.youtube.com/watch?v=RT2No1vusjg"
"Tchaikovsky: The Nutcracker, Op. 71, Act I, Scene 1: No. 2, March","Berliner Philharmoniker","0.868","https://www.youtube.com/watch?v=FG6G1VuTTzA"
"Consolations, S. 172: No. 3, Lento placido","Franz Liszt","0.868","https://www.youtube.com/watch?v=dURtnoBIVK4"
"Womb Sound - Loopable with no fade","White Noise for Babies","0.868","https://www.youtube.com/watch?v=RhiiykXv54k"
"Tchaikovsky: The Nutcracker, Op. 71, Act I, Scene 1: No. 2, March","Sir Simon Rattle","0.868","https://www.youtube.com/watch?v=FG6G1VuTTzA"
"Messiah, HWV 56, Part I: Pastoral Symphony, ""Pifa"" (arr. L. Stokowski)","George Frideric Handel","0.868","https://www.youtube.com/watch?v=A5vrNc7Xyt0"
"I'm Waiting For The Man","The Velvet Underground","0.868","https://www.youtube.com/watch?v=99og_g7rXnA"
"Lyric Pieces, Book 1, Op. 12: I. Arietta","Edvard Grieg","0.868","https://www.youtube.com/watch?v=5TbQftYOKms"
"Digital Love","Daft Punk","0.867","https://www.youtube.com/watch?v=FxzBvqY5PP0"
"Periódico De Ayer","Héctor Lavoe","0.867","https://www.youtube.com/watch?v=qYkpURie5cU"
"Angel Falls","I Virtuosi Italiani","0.867","https://www.youtube.com/watch?v=Bp5BV4Y2mxY"
"Making Mirrors","Gotye","0.867","https://www.youtube.com/watch?v=0FlSdHyXYO8"
"goverment hooker (sped up) - tiktok version","11:11 Music Group","0.867","https://www.youtube.com/watch?v=h0f5Zxio5j0"
"goverment hooker (sped up) - tiktok version","creamy","0.867","https://www.youtube.com/watch?v=h0f5Zxio5j0"
"Cello Suite No. 1 in G Major, BWV 1007: I. Prélude","Johann Sebastian Bach","0.867","https://www.youtube.com/watch?v=1prweT95Mo0"
"Advice","Alex G","0.867","https://www.youtube.com/watch?v=VQMLe5XobBg"
"Cello Suite No. 1 in G Major, BWV 1007: I. Prélude","Yo-Yo Ma","0.867","https://www.youtube.com/watch?v=1prweT95Mo0"
"The Four Seasons, Violin Concerto No. 2 in G Minor, RV 315 ""L'estate"": III. Tempo impetuoso d'estate","Antonio Vivaldi","0.867","https://www.youtube.com/watch?v=jAnzlpPuIDU"
"A Sparrow Alighted upon our Shoulder","Jóhann Jóhannsson","0.867","https://www.youtube.com/watch?v=TYjME2xuMck"
"goverment hooker (sped up) - tiktok version","accelerate","0.867","https://www.youtube.com/watch?v=h0f5Zxio5j0"
"La Valse d'Amélie - Version piano","Yann Tiersen","0.866","https://www.youtube.com/watch?v=uj9BihmugmI"
"Soothing Baby White Nosie","Sleepy Penguin","0.866","https://www.youtube.com/watch?v=YU0H88DRnMg"
"Preludes, Op. 28: No. 4, Largo","Frédéric Chopin","0.866","https://www.youtube.com/watch?v=qNDHb4fbOuE"
"Snow","Fabrizio Paterlini","0.866","https://www.youtube.com/watch?v=UBiQzhV7IAY"
"The Bannered Mare","Jeremy Soule","0.865","https://www.youtube.com/watch?v=WgdMNpyi5XY"
"Romantic Flight - From How To Train Your Dragon Music From The Motion Picture","John Powell","0.864","https://www.youtube.com/watch?v=ZJR8tuO-mIU"
"Abdelazer: Rondeau","Academy of St. Martin in the Fields","0.863","https://www.youtube.com/watch?v=EcKPw1vTUMk"
"Breezin'","George Benson","0.863","https://www.youtube.com/watch?v=Je3Pe3gWU0U"
"Once Twice Melody","Beach House","0.863","https://www.youtube.com/watch?v=FCNSCrF5miw"
"Good Luck - D.O.D Remix","D.O.D","0.863","https://www.youtube.com/watch?v=XexFdaap5HI"
"Abdelazer: Rondeau","Sir Neville Marriner","0.863",NULL
"Brothers in Arms","Dire Straits","0.862","https://www.youtube.com/watch?v=jhdFe3evXpk"
"Cricket Sound 4 - Loopable With No Fade","White Noise for Babies","0.862","https://www.youtube.com/watch?v=AAwcxVzcXAk"
"Sadness and Sorrow (Naruto)","Kato","0.862","https://www.youtube.com/watch?v=vHriVQzUnSE"
"Barber: Adagio for Strings","Sir Simon Rattle","0.861","https://www.youtube.com/watch?v=F1kmvF1w7yk"
"Mother's Journey","Yann Tiersen","0.861","https://www.youtube.com/watch?v=picfzpEC4KU"
"The Carnival of the Animals, R. 125: XIII. The Swan (Arr. for Cello and Piano)","Camille Saint-Saëns","0.86","https://www.youtube.com/watch?v=3qrKjywjo7Q"
"Bach, JS : Well-Tempered Clavier Book 1 : Prelude No.2 in C minor BWV847","Daniel Barenboim","0.86","https://www.youtube.com/watch?v=cjF0z6ef1sQ"
"The Carnival of the Animals, R. 125: XIII. The Swan (Arr. for Cello and Piano)","Yo-Yo Ma","0.86","https://www.youtube.com/watch?v=3qrKjywjo7Q"
"Summer Madness","Kool & The Gang","0.86","https://www.youtube.com/watch?v=s09LuDYX12g"
"Feel My Needs - Purple Disco Machine Remix","Purple Disco Machine","0.859","https://www.youtube.com/watch?v=U1i6t4d90WM"
"Kiss Me Like It's the First Time","Eyedress","0.859","https://www.youtube.com/watch?v=m7kR8wwubyA"
"Howl's Moving Castle Lofi (Merry Go Round)","Kato","0.857","https://www.youtube.com/watch?v=_q8UCG8zBqc"
"Lyric Pieces, Book 5, Op. 54: Nocturne","Edvard Grieg","0.857","https://www.youtube.com/watch?v=mkoyF21A9YE"
"Requiem in D Minor, K. 626: 2. Kyrie - Live","Claudio Abbado","0.857","https://www.youtube.com/watch?v=WSek64CrkpI"
"Strauss, R: Also sprach Zarathustra, Op. 30: I. Introduction","London Philharmonic Orchestra","0.856","https://www.youtube.com/watch?v=IFPwm0e_K98"
"Primavera","Ludovico Einaudi","0.856","https://www.youtube.com/watch?v=qYEooPeyz5M"
"Blue Monday","New Order","0.856","https://www.youtube.com/watch?v=9GMjH1nR0ds"
"Cloud Connected","In Flames","0.856","https://www.youtube.com/watch?v=B7iIS91fMAc"
"Shook Ones, Pt. II - Instrumental","Mobb Deep","0.855","https://www.youtube.com/watch?v=_0d_FF2009k"
"Saiyyan - Lofi Flip","Kailash Kher","0.855",NULL
"En La Ciudad De La Furia - Remasterizado 2007","Soda Stereo","0.855","https://www.youtube.com/watch?v=AVEDgT_lG60"
"Harvest Dawn","Jeremy Soule","0.855","https://www.youtube.com/watch?v=s9L9sNtv1-g"
"#3","Aphex Twin","0.855","https://www.youtube.com/watch?v=Xw5AiRVqfqk"
"MEGALOVANIA","Toby Fox","0.855","https://www.youtube.com/watch?v=wDgQdr8ZkTw"
"Another Love - Slowed and Muffled","Dybbukk","0.855","https://www.youtube.com/watch?v=Cd2AR5Od1V4"
"Petricor","Daniel Hope","0.854","https://www.youtube.com/watch?v=tBf_AQ29Kzk"
"Oceans Niagara","M83","0.854","https://www.youtube.com/watch?v=ryFV9dORPPw"
"On the Nature of Daylight","Max Richter","0.854","https://www.youtube.com/watch?v=InyT9Gyoz_o"
"Jambi","TOOL","0.854","https://www.youtube.com/watch?v=ed_UWFr13pU"
"Constellations","Duster","0.854","https://www.youtube.com/watch?v=Tw8x9DJ08JM"
"Path of the Wind (My Neighbor Totoro)","Kato","0.854","https://www.youtube.com/watch?v=PwAcxGeGR4M"
"Find Me","Kings of Leon","0.853","https://www.youtube.com/watch?v=xOQ7rolBbq8"
"Duel of the Fates","London Symphony Orchestra","0.853","https://www.youtube.com/watch?v=nIgZS5tieeE"
"Duel of the Fates","John Williams","0.853","https://www.youtube.com/watch?v=nIgZS5tieeE"
"White Noise Gentle Piano","Sleepy Penguin","0.853","https://www.youtube.com/watch?v=grVhCnWuHug"
"Road To Perdition","Thomas Newman","0.852","https://www.youtube.com/watch?v=bL_Zea-q23Y"
"Oogway Ascends","John Powell","0.852","https://www.youtube.com/watch?v=9lQydywPx0E"
"Up & Down","Vengaboys","0.851","https://www.youtube.com/watch?v=hlv672jqbtE"
"Temptation","New Order","0.851","https://www.youtube.com/watch?v=xxDv_RTdLQo"
"528 Hz Manifest Love","Solfeggio Healing Frequencies MT","0.851","https://www.youtube.com/watch?v=7bwl3ksAKAs"
"528 Hz Manifest Love","Miracle Tones","0.851","https://www.youtube.com/watch?v=7bwl3ksAKAs"
"Mercury","Oliver Heldens","0.851","https://www.youtube.com/watch?v=Ye8iOap_33U"
"watching the stars (Sped Up)","Øneheart","0.851","https://www.youtube.com/watch?v=pZQ1YU5XOgo"
"Chateau","Angus & Julia Stone","0.851",NULL
"Cello Sonata in G Minor, Op. 65: III. Largo","Frédéric Chopin","0.85","https://www.youtube.com/watch?v=-MbEkNFYS_A"
"Becoming one of ""The People"" Becoming one with Neytiri","James Horner","0.85","https://www.youtube.com/watch?v=5yR3jP_OxUU"
"Nothing Else Matters vs F*CKING SOCIETY - Hardwell Mashup","Hardwell","0.85","https://www.youtube.com/watch?v=xwZWPZo1j1Y"
"Jealous","Eyedress","0.85","https://www.youtube.com/watch?v=d0Jyvteqzrw"
"A Catalogue of Afternoons","Max Richter","0.848","https://www.youtube.com/watch?v=Ubjylmxrj9o"
"END OF LIFE","Kingpin Skinny Pimp","0.848","https://www.youtube.com/watch?v=Ne7pIiTFR4Y"
"The Ludlows","James Horner","0.848","https://www.youtube.com/watch?v=2Iio8QmZY8A"
"From Past to Present","Jeremy Soule","0.847","https://www.youtube.com/watch?v=thCxUo37PXw"
"Polyghost","Bonobo","0.847","https://www.youtube.com/watch?v=Zo3bIVsRC9s"
"Transgender","Crystal Castles","0.847","https://www.youtube.com/watch?v=EgKdyHcZJcs"
"Futile Devices (Doveman Remix)","Sufjan Stevens","0.847","https://www.youtube.com/watch?v=UEBPTUbpLoY"
"Evenstar","Howard Shore","0.847","https://www.youtube.com/watch?v=2mu6faleFUg"
"Define Dancing","Thomas Newman","0.847","https://www.youtube.com/watch?v=aqiqXTA7hX4"
"RAPTURE","INTERWORLD","0.846","https://www.youtube.com/watch?v=DeLLmFuMIGc"
"Show Me How (Album V)","Men I Trust","0.846","https://www.youtube.com/watch?v=cJRFMfztgBg"
"Herz und Mund und Tat und Leben, Cantata BWV 147: Jesu, Joy Of Man's Desiring, BWV 147","Stephen Cleobury","0.845","https://www.youtube.com/watch?v=h97JE4--p84"
"So We Won't Forget","Khruangbin","0.844","https://www.youtube.com/watch?v=lo4KMGiy--Y"
"Préludes / Book 1, L. 117: 8. La fille aux cheveux de lin","Claude Debussy","0.844","https://www.youtube.com/watch?v=q15oF3q25Mw"
"The Good, The Bad and The Ugly - Il Buono, Il Brutto, Il Cattivo (Titles)","Ennio Morricone","0.843","https://www.youtube.com/watch?v=ZylbA374VRw"
"aisatsana [102]","Aphex Twin","0.843","https://www.youtube.com/watch?v=3_MRe3JwFc8"
"A Drug From God","Chris Lake","0.843","https://www.youtube.com/watch?v=nsmvBR37xps"
"What You Need","KAYTRANADA","0.843","https://www.youtube.com/watch?v=ajOCGskHs2A"
"Close Eyes","DVRST","0.843","https://www.youtube.com/watch?v=ao4RCon11eY"
"A Walk in the Skies","Joe Hisaishi","0.842","https://www.youtube.com/watch?v=t6d-CzCf5ks"
"The Beach - Instrumental Slow","Dybbukk","0.842","https://www.youtube.com/watch?v=xx_0kRmGnvU"
"Symphony No. 3 in F Major, Op. 90: III. Poco allegretto","Johannes Brahms","0.841","https://www.youtube.com/watch?v=UH324lgbxaI"
"Hangar 18 - Remastered","Megadeth","0.84","https://www.youtube.com/watch?v=rUGIocJK9Tc"
"Tchaikovsky: The Nutcracker, Op. 71: Miniature Overture","Berliner Philharmoniker","0.839","https://www.youtube.com/watch?v=i4U836LfaTs"
"Symphony No. 5 in C Minor, Op.67 - I. Allegro con brio","Philharmonia Orchestra","0.839","https://www.youtube.com/watch?v=-VVXqNt4qU0"
"Summer 3 - 2012","Daniel Hope","0.839",NULL
"Tchaikovsky: The Nutcracker, Op. 71: Miniature Overture","Sir Simon Rattle","0.839","https://www.youtube.com/watch?v=2m7_OyrG08c"
"Yours - Instrumental","JIN","0.839","https://www.youtube.com/watch?v=zPXNy4voN5A"
"Tchaikovsky: The Nutcracker, Op. 71: Miniature Overture","Pyotr Ilyich Tchaikovsky","0.839","https://www.youtube.com/watch?v=Mjbrf141mV8"
"Theme From Schindler's List","John Williams","0.838","https://www.youtube.com/watch?v=YqVRcFQagtI"
"Fold","Bonobo","0.838","https://www.youtube.com/watch?v=hI7gk8soh7Y"
"Close Eyes - Slowed + Reverb","DVRST","0.838","https://www.youtube.com/watch?v=S8-z26rBPLw"
"Top Gun Anthem","Hans Zimmer","0.838","https://www.youtube.com/watch?v=5zq7ujKwuRY"
"Gurenge Lofi (Demon Slayer)","Kato","0.838","https://www.youtube.com/watch?v=ORy_H_TNkWs"
"I FEEL LIKE DANCING","Hardwell","0.838","https://www.youtube.com/watch?v=AczHFuSDZ0o"
"16 Waltzes, Op. 39 (Version for Piano Duet): No. 15 in A-Flat Major","Johannes Brahms","0.836","https://www.youtube.com/watch?v=QSWDUcuiihQ"
"Machine Gun","Commodores","0.836","https://www.youtube.com/watch?v=vVoMJSMgsUM"
"Stinkfist","TOOL","0.836","https://www.youtube.com/watch?v=6zpvlMp04D0"
"Flim","Aphex Twin","0.836","https://www.youtube.com/watch?v=qtGeeLhF_cI"
"Garota De Ipanema","Antônio Carlos Jobim","0.836","https://www.youtube.com/watch?v=AWxyzVbiT98"
"Bullet With Butterfly Wings - Remastered 2012","The Smashing Pumpkins","0.836","https://www.youtube.com/watch?v=8-r-V0uK4u0"
"Trunk","Kingpin Skinny Pimp","0.835","https://www.youtube.com/watch?v=5R9K2KXHaGc"
"Main Titles (You’ve Been Called Back to Top Gun)","Hans Zimmer","0.834","https://www.youtube.com/watch?v=NI8U9Bc4XOE"
"Piano Concerto in C-Sharp Minor, FP 146: I. Allegretto commodo - Live","London Philharmonic Orchestra","0.834","https://www.youtube.com/watch?v=bW0_7aBNxzE"
"Endless Love","DVRST","0.834","https://www.youtube.com/watch?v=fC1HF29n9UA"
"Orchid - 2014 Remaster","Black Sabbath","0.834","https://www.youtube.com/watch?v=9eHNPWyF_uk"
"For Lovers","Lamp","0.833","https://www.youtube.com/watch?v=daWgSX6X-kY"
"Moonlight on the River","Mac DeMarco","0.833","https://www.youtube.com/watch?v=idtNRsk6D0o"
".","girl in red","0.832","https://www.youtube.com/watch?v=iggmiF7DNoM"
"It's Definitely You - Instrumental","JIN","0.832","https://www.youtube.com/watch?v=DzN77qux2Ic"
"The Wheat - From ""Gladiator"" Soundtrack","Gavin Greenaway","0.831","https://www.youtube.com/watch?v=iH6ofoAJmcY"
"The Wheat - From ""Gladiator"" Soundtrack","Lisa Gerrard","0.831","https://www.youtube.com/watch?v=iH6ofoAJmcY"
"The Wheat - From ""Gladiator"" Soundtrack","The Lyndhurst Orchestra","0.831","https://www.youtube.com/watch?v=iH6ofoAJmcY"
"Wave","Antônio Carlos Jobim","0.831","https://www.youtube.com/watch?v=a6KDpB6skA4"
"Handel / Orch. Hale: Keyboard Suite No. 4 in D Minor, HWV 437: III. Sarabande","George Frideric Handel","0.83","https://www.youtube.com/watch?v=bWzUdGNa46I"
"White Gloves","Khruangbin","0.829","https://www.youtube.com/watch?v=wJzoos4rE_o"
"TheBestVersionOfMyself","surrenderdorothy","0.828","https://www.youtube.com/watch?v=DA54CWr8fZk"
"Levels - Radio Edit","Avicii","0.828","https://www.youtube.com/watch?v=_ovdm2yX4MA"
"Here to Stay","Korn","0.828","https://www.youtube.com/watch?v=pr3x7tS__dE"
"Viol","Gesaffelstein","0.828","https://www.youtube.com/watch?v=cF4idCtdNVM"
"Lex","Ratatat","0.828","https://www.youtube.com/watch?v=48yR03AX75o"
"Aníron","Enya","0.827","https://www.youtube.com/watch?v=iMyo8I8AKmY"
"Do It To It - Sub Focus Remix","Sub Focus","0.827","https://www.youtube.com/watch?v=uba55vsxTGQ"
"Superbeast","Rob Zombie","0.827","https://www.youtube.com/watch?v=uHBtpqbOKXk"
"Be Quiet and Drive (Far Away)","Deftones","0.827","https://www.youtube.com/watch?v=KvknOXGPzCQ"
"Poland","Lil Yachty","0.826","https://www.youtube.com/watch?v=s9PzYuVwCSE"
"One - Radio Edit","Swedish House Mafia","0.825","https://www.youtube.com/watch?v=PkQ5rEJaTmk"
"All Night Alone - Chris Lake Edit","Chris Lake","0.824","https://www.youtube.com/watch?v=hhGw_aTXODs"
"Up Around The Bend","Creedence Clearwater Revival","0.823","https://www.youtube.com/watch?v=DX3o1O8ZsTw"
"Sweet","Cigarettes After Sex","0.823","https://www.youtube.com/watch?v=oUymv7wyjCo"
"Out Of Time","Bradley Cooper","0.822","https://www.youtube.com/watch?v=X-P_8rtRXhs"
"Songbird","Kenny G","0.822","https://www.youtube.com/watch?v=QN2RnjFHmNY"
"Winterreise, Op. 89, D. 911 (arr. T. Zimmermann and H. Holl): No. 21. Tauschung","Franz Schubert","0.821","https://www.youtube.com/watch?v=7eeGdYWPuCM"
"You're All I Want","Cigarettes After Sex","0.821","https://www.youtube.com/watch?v=THJRCYU3gs0"
"Opus","Eric Prydz","0.821","https://www.youtube.com/watch?v=iRA82xLsb_w"
"Cocaine Sunday","Eyedress","0.821","https://www.youtube.com/watch?v=M9XSeTR9c8c"
"Gaja!!!","Youjeen","0.819","https://www.youtube.com/watch?v=0_eyKw1Q-9U"
"One Chance","INTERWORLD","0.819","https://www.youtube.com/watch?v=wBbwqHV2DOk"
"I'll Keep You Safe","Shiloh Dynasty","0.819","https://www.youtube.com/watch?v=KCZqguEKdBc"
"528 Hz Love Frequency","Miracle Tones","0.819","https://www.youtube.com/watch?v=PNb-aeBrN7U"
"Dissolved Girl","Massive Attack","0.819","https://www.youtube.com/watch?v=GAiceRuLX1I"
"528 Hz Love Frequency","Solfeggio Healing Frequencies MT","0.819","https://www.youtube.com/watch?v=9nfAWPH2Asw"
"Captain Jefferson","James Newton Howard","0.819","https://www.youtube.com/watch?v=2G8w1ExPsWU"
"Guddi Riddim","DJ Snake","0.819","https://www.youtube.com/watch?v=p0x23GG-FeY"
"K.","Cigarettes After Sex","0.819","https://www.youtube.com/watch?v=WbpZUIrve7Q"
"Symphony No. 9 In D Minor, Op. 125 - ""Choral"": 2. Molto vivace","Herbert von Karajan","0.818","https://www.youtube.com/watch?v=J3yzhkw_XJQ"
"Loud Pipes","Ratatat","0.817","https://www.youtube.com/watch?v=BcoPKWzLjrE"
"Billie Toppy","Men I Trust","0.817","https://www.youtube.com/watch?v=HAK5D3drObI"
"One Summer Day (Spirited Away)","Kato","0.817","https://www.youtube.com/watch?v=TK1Ij_-mank"
"Peace Sells - Remastered","Megadeth","0.817","https://www.youtube.com/watch?v=rdEupVsL07E"
"Oncle Jazz","Men I Trust","0.816","https://www.youtube.com/watch?v=TQnHlYNU__I"
"She's Back","Arcane","0.816","https://www.youtube.com/watch?v=NZ-2bZZVC2k"
"Symphony No. 5 In C Sharp Minor: IV. Adagietto. Sehr langsam","Wiener Philharmoniker","0.815","https://www.youtube.com/watch?v=TlbdAXZMlRE"
"Passionfruit","Benny Sings","0.815","https://www.youtube.com/watch?v=fp-jwwlhSug"
"The Nutcracker: Waltz Of The Flowers","Royal Philharmonic Orchestra","0.815","https://www.youtube.com/watch?v=VUF9g9V-Ang"
"Delusions of Saviour","Slayer","0.814","https://www.youtube.com/watch?v=8zHY5HeZzYk"
"Enim er'u","Dybbukk","0.813","https://www.youtube.com/watch?v=YnTPZwlR3d8"
"Eruption - 2015 Remaster","Van Halen","0.813","https://www.youtube.com/watch?v=L9r-NxuYszg"
"21 Hungarian Dances, WoO 1 (version for orchestra): Hungarian Dance No. 5 (orch. Schmeling)","Johannes Brahms","0.813","https://www.youtube.com/watch?v=Nzo3atXtm54"
"Hits from the Bong","Cypress Hill","0.812","https://www.youtube.com/watch?v=eMK4cfXj5c0"
"Slapper - Fast & Furious: Drift Tape/Phonk Vol 1","DVRST","0.812","https://www.youtube.com/watch?v=Y9g4H9stRh4"
"A Gift Of A Thistle","James Horner","0.812","https://www.youtube.com/watch?v=PrjSLW0zfts"
"Pjanoo - Radio Edit","Eric Prydz","0.812","https://www.youtube.com/watch?v=Gz3yCrMJXpk"
"Laurie and Jo on the Hill","Alexandre Desplat","0.811","https://www.youtube.com/watch?v=8JQoRWwg58U"
"Haggstrom","C418","0.811","https://www.youtube.com/watch?v=JZNy6eHw3FA"
"While Shepherds Watched Their Flocks (Desc. by Stephen Cleobury)","Stephen Cleobury","0.811","https://www.youtube.com/watch?v=-HenCssKnnY"
"Repeat After Me","W&W","0.81",NULL
"Repeat After Me","Armin van Buuren","0.81","https://www.youtube.com/watch?v=AwYl_H4_EW8"
"YYZ","Rush","0.809","https://www.youtube.com/watch?v=ftVTWDrtrlc"
"528 Hz Whole Body Regeneration","Miracle Tones","0.808","https://www.youtube.com/watch?v=hdmvMc7TZn0"
"Dragonball Durag","Thundercat","0.808","https://www.youtube.com/watch?v=ormQQG2UhtQ"
"This Is Berk","John Powell","0.808","https://www.youtube.com/watch?v=hNFM2f4BvAo"
"528 Hz Whole Body Regeneration","Solfeggio Healing Frequencies MT","0.808","https://www.youtube.com/watch?v=hdmvMc7TZn0"
"The Way I Walk","The Cramps","0.807","https://www.youtube.com/watch?v=-CwVHWbPuvE"
"Love Songs For Robots","Patrick Watson","0.807","https://www.youtube.com/watch?v=lCskw1901a0"
"Angel","Massive Attack","0.807","https://www.youtube.com/watch?v=hbe3CQamF8k"
"Channel 1 Suite","The Cinematic Orchestra","0.807","https://www.youtube.com/watch?v=6hlh6cdMV6k"
"When the Shit Goes Down","Cypress Hill","0.807","https://www.youtube.com/watch?v=I826gxc8TvI"
"HDMI","BONES","0.807","https://www.youtube.com/watch?v=5souw4K5UQc"
"TendingToTheGarden","surrenderdorothy","0.806","https://www.youtube.com/watch?v=LfwKr1BWZ2I"
"NoPlaceLikeHome","surrenderdorothy","0.806","https://www.youtube.com/watch?v=UjVwxBS30mI"
"Tree Among Shrubs","Men I Trust","0.804","https://www.youtube.com/watch?v=0LMwgWFzDjU"
"About You","The 1975","0.804","https://www.youtube.com/watch?v=tGv7CUutzqU"
"The Sixth Station","Joe Hisaishi","0.803","https://www.youtube.com/watch?v=WgkGHGzTEk8"
"Echoes in Rain","Enya","0.803","https://www.youtube.com/watch?v=OWFc5mkABNo"
"In The Yuma (feat. Aatig)","Chris Lake","0.803","https://www.youtube.com/watch?v=OAKM41Ng_Fg"
"snowfall","Øneheart","0.803","https://www.youtube.com/watch?v=LlN8MPS7KQs"
"We Got the Power (feat. Jehnny Beth) - Claptone Remix","Claptone","0.801","https://www.youtube.com/watch?v=sQduMTc5TR8"
"踊り子","Vaundy","0.801","https://www.youtube.com/watch?v=7HgJIAUtICU"
"Special Needs","Placebo","0.8","https://www.youtube.com/watch?v=HClZwFNNMKs"
"Inferno Lofi (Fire Force)","Kato","0.8","https://www.youtube.com/watch?v=dLdN_7IswJk"
"Unity","Hardwell","0.8","https://www.youtube.com/watch?v=rLlZE_G_fXo"
