"artist","total_streams"
"Post Malone","15251263853"
"Ed Sheeran","14394881557"
"Dua Lipa","13408076274"
"XXXTENTACION","13224351699"
"The Weeknd","13031973376"
"Justin Bieber","12097767422"
"Imagine Dragons","11858310928"
"Coldplay","11778478236"
"Khalid","11386839915"
"Bruno Mars","10897862950"
"Ariana Grande","10857411888"
"Billie Eilish","10747172641"
"Maroon 5","10722507616"
"The Chainsmokers","10396701259"
"Shawn Mendes","10111313728"
"Eminem","9748587734"
"Calvin Harris","9548541851"
"Queen","9384533757"
"Harry Styles","9347207610"
"Olivia Rodrigo","8854208227"
"Halsey","8835926429"
"Rihanna","8572666958"
"Avicii","8523309597"
"Camila Cabello","8418823243"
"Lil Nas X","8135167670"
"Marshmello","8106855915"
"Adele","8046680866"
"Sam Smith","7952335176"
"Bad Bunny","7767438098"
"DJ Snake","7739462799"
"Sia","7368343516"
"Arctic Monkeys","7284386122"
"J Balvin","7138949876"
"Kendrick Lamar","7113441426"
"Juice WRLD","7097430333"
"Lady Gaga","7073231174"
"Charlie Puth","7041186648"
"Twenty One Pilots","6994502319"
"Red Hot Chili Peppers","6796467307"
"Swae Lee","6747047337"
"Drake","6662057819"
"Doja Cat","6614680170"
"Katy Perry","6607328698"
"Kanye West","6517926443"
"Nicki Minaj","6456929603"
"One Direction","6454400357"
"Bebe Rexha","6379087521"
"Travis Scott","6373169661"
"BTS","6367910267"
"Linkin Park","6362408820"
"Lewis Capaldi","6302144072"
"J. Cole","6162421576"
"Macklemore","5949945834"
"AC/DC","5941405897"
"Miley Cyrus","5902807705"
"Migos","5780956131"
"DaBaby","5736052602"
"Clean Bandit","5731256397"
"Wiz Khalifa","5653365608"
"Cardi B","5585396623"
"Selena Gomez","5580137870"
"Guns N' Roses","5579041783"
"Jhayco","5491459669"
"Pop Smoke","5478839546"
"ZAYN","5475394271"
"Elton John","5462061681"
"Jason Derulo","5322021221"
"KAROL G","5303143018"
"Demi Lovato","5293475809"
"OneRepublic","5234486367"
"Lil Uzi Vert","5231603197"
"Justin Timberlake","5213425852"
"James Arthur","5210372362"
"Beyoncé","5178560129"
"Flo Rida","5174460576"
"Daddy Yankee","5135462481"
"Fleetwood Mac","5063010174"
"Luis Fonsi","5054326201"
"Martin Garrix","5015790637"
"The Neighbourhood","4990069408"
"Pitbull","4974721415"
"Zara Larsson","4973911777"
"Panic! At The Disco","4966119149"
"Farruko","4935549003"
"Ozuna","4866330279"
"Ellie Goulding","4843789062"
"Nirvana","4769126288"
"The Kid LAROI","4765926136"
"Jack Harlow","4723820751"
"Alan Walker","4692610699"
"Green Day","4653077098"
"Frank Ocean","4612758657"
"Michael Jackson","4606043093"
"Lil Baby","4596268508"
"Zedd","4525378236"
"David Guetta","4518490844"
"Jonas Blue","4513926704"
"The Beatles","4509275028"
"Black Eyed Peas","4473771818"
"Taylor Swift","4457122345"
"Julia Michaels","4383139307"
"Childish Gambino","4371269470"
"Lauv","4370042124"
"Shakira","4295045028"
"Anne-Marie","4287115288"
"Hailee Steinfeld","4259167316"
"Tainy","4259099231"
"G-Eazy","4232895120"
"Fall Out Boy","4190697327"
"Bon Jovi","4171728877"
"Chencho Corleone","4149128850"
"Roddy Ricch","4126045251"
"DJ Khaled","4102356359"
"Rauw Alejandro","4088801507"
"Bastille","4088519377"
"Lil Peep","4085243270"
"50 Cent","4059566414"
"Lil Wayne","4048580988"
"The Killers","4036307741"
"Big Sean","4035984728"
"5 Seconds of Summer","4025269702"
"Meghan Trainor","4018280406"
"BLACKPINK","4015972500"
"Ava Max","4004609120"
"Macklemore & Ryan Lewis","3982978343"
"Britney Spears","3957085325"
"Bazzi","3950813667"
"Ryan Lewis","3943692742"
"Kygo","3932892508"
"The Rolling Stones","3927782766"
"Polo G","3905678691"
"Sebastian Yatra","3902720654"
"Maluma","3889270689"
"Bob Marley & The Wailers","3889229938"
"Lorde","3884704195"
"P!nk","3881729028"
"Ty Dolla $ign","3844152496"
"Daniel Caesar","3817523984"
"Alessia Cara","3798983895"
"Labrinth","3766149017"
"Creedence Clearwater Revival","3744668629"
"Enrique Iglesias","3732862184"
"JAY-Z","3703644476"
"Mark Ronson","3681829411"
"Alicia Keys","3675485196"
"Florida Georgia Line","3671555301"
"benny blanco","3670267488"
"blackbear","3635122379"
"Mariah Carey","3628785233"
"Zion & Lennox","3615791083"
"Rae Sremmurd","3614803125"
"Dr. Dre","3611345590"
"Troye Sivan","3601966278"
"Vance Joy","3596129962"
"Usher","3580004013"
"Foo Fighters","3578430266"
"Ne-Yo","3575390434"
"NF","3569632362"
"Diplo","3569356857"
"Kodak Black","3567349931"
"Giveon","3503572927"
"Joji","3498091039"
"French Montana","3485348581"
"6ix9ine","3485219252"
"Little Mix","3478157514"
"Chris Brown","3466971232"
"Nicky Jam","3455007905"
"Luke Combs","3450139740"
"Glass Animals","3436405266"
"Whitney Houston","3436206356"
"Lenny Tavárez","3435256283"
"Daft Punk","3429593615"
"Fifth Harmony","3429124463"
"Jason Mraz","3417083413"
"Tyga","3415135754"
"The Script","3413054204"
"System Of A Down","3412476989"
"Robin Schulz","3398393767"
"Anuel AA","3393740180"
"Gunna","3389220725"
"Manuel Turizo","3379363015"
"Lana Del Rey","3379347378"
"John Mayer","3372784901"
"The Notorious B.I.G.","3370261577"
"ABBA","3347361606"
"Nio Garcia","3332029248"
"Megan Thee Stallion","3328718489"
"A Boogie Wit da Hoodie","3328674589"
"Led Zeppelin","3324352551"
"ROSALÍA","3317416011"
"Becky G","3315165071"
"Logic","3314699502"
"A$AP Rocky","3306084916"
"Disclosure","3293514130"
"Aerosmith","3287252960"
"YNW Melly","3279656074"
"2Pac","3256831814"
"Tyler, The Creator","3250788259"
"Tame Impala","3238386519"
"Jonas Brothers","3227982599"
"Don Omar","3219790206"
"Felix Jaehn","3207627258"
"Train","3202312272"
"Lizzo","3199448765"
"24kGoldn","3196171623"
"Piso 21","3195466515"
"Gorillaz","3193174375"
"Dalex","3176415015"
"Alesso","3163296297"
"blink-182","3151991097"
"Niall Horan","3148123800"
"Calum Scott","3146240240"
"Tiësto","3135617581"
"The Lumineers","3116691765"
"Pharrell Williams","3108737542"
"Michael Bublé","3096243755"
"Playboi Carti","3089610234"
"U2","3086620527"
"Paulo Londra","3070740894"
"Reik","3070220362"
"Chance the Rapper","3044941234"
"The Police","3044340190"
"Christina Aguilera","3038433822"
"DJ Luian","3012530860"
"Mambo Kingz","3012530860"
"George Ezra","3008121086"
"Kid Cudi","3001074497"
"My Chemical Romance","2995727842"
"Metro Boomin","2990155515"
"Billy Joel","2990005158"
"Kesha","2986131774"
"Don Toliver","2983076186"
"iann dior","2982736540"
"Bradley Cooper","2979104150"
"Future","2977183025"
"Machine Gun Kelly","2968454435"
"Danny Ocean","2967043872"
"Melanie Martinez","2958151310"
"MEDUZA","2955516727"
"Mac Miller","2947262697"
"MØ","2944660430"
"Lil Tjay","2919154243"
"Natti Natasha","2907909651"
"Jessie J","2905619830"
"Romeo Santos","2903280711"
"Radiohead","2898239324"
"Sean Paul","2873460194"
"Wisin","2858015912"
"The Offspring","2855408093"
"Måneskin","2846560940"
"Meek Mill","2838244089"
"Rex Orange County","2837827853"
"Jeremih","2828854749"
"Skrillex","2822548529"
"Conan Gray","2816852064"
"Lil Tecca","2816462784"
"Amy Winehouse","2809015226"
"Aventura","2796117562"
"Eagles","2784788214"
"Lukas Graham","2780704465"
"Miguel","2775626497"
"Outkast","2775476305"
"James Bay","2764067382"
"Backstreet Boys","2749267747"
"Journey","2739025421"
"Jess Glynne","2723661604"
"Bryson Tiller","2710711085"
"Snoop Dogg","2703315378"
"Slipknot","2688278387"
"Kings of Leon","2684848075"
"Phil Collins","2676000617"
"Nickelback","2668944384"
"Rita Ora","2660842680"
"Dan + Shay","2652590473"
"Maren Morris","2635065727"
"Bee Gees","2634668438"
"Tate McRae","2621959595"
"Alec Benjamin","2621950874"
"Foster The People","2617307813"
"Sech","2616450524"
"Nelly","2615843320"
"Grey","2608899472"
"Mike Posner","2608432003"
"Marvin Gaye","2580767334"
"Kelly Clarkson","2576837004"
"Oasis","2558836850"
"Bryan Adams","2555199292"
"Camilo","2554184499"
"Dean Lewis","2552668219"
"Avril Lavigne","2534226302"
"Muse","2530706011"
"John Legend","2517734387"
"Myke Towers","2516790922"
"Luis Miguel","2499077799"
"League of Legends","2498097307"
"Bruce Springsteen","2495660660"
"TOTO","2487004385"
"Akon","2475948892"
"Paramore","2463743733"
"Jennifer Lopez","2462557231"
"Mumford & Sons","2458498661"
"David Bowie","2457583073"
"Morgan Wallen","2456398607"
"Pearl Jam","2441103407"
"MNEK","2428343889"
"Christina Perri","2415817243"
"Earth, Wind & Fire","2406924037"
"Bizarrap","2402431462"
"Jeremy Zucker","2396472940"
"Daryl Hall & John Oates","2391872583"
"Galantis","2390298580"
"Imanbek","2384115758"
"Stevie Wonder","2384047495"
"Elvis Presley","2381384737"
"6LACK","2379502673"
"Christian Nodal","2365531690"
"Fetty Wap","2357643465"
"Zendaya","2336588485"
"Disturbed","2334150641"
"Kane Brown","2329694753"
"Russ","2311393731"
"Clairo","2308087946"
"Bon Iver","2300996984"
"SAINt JHN","2294323102"
"Ruth B.","2288437118"
"Lynyrd Skynyrd","2287058554"
"Frank Sinatra","2281044666"
"Zac Efron","2277074805"
"MGMT","2265213870"
"Three Days Grace","2253046807"
"Jack Johnson","2243176251"
"SZA","2239095495"
"Passenger","2225332869"
"Offset","2222919232"
"Carlos Vives","2217793404"
"Steve Lacy","2211871617"
"Prince Royce","2201849880"
"Topic","2193229396"
"Pedro Capó","2193210795"
"21 Savage","2186417001"
"Wham!","2181495159"
"Carly Rae Jepsen","2180130322"
"The Fray","2174346599"
"R.E.M.","2166422841"
"Disney","2159276498"
"X Ambassadors","2157483301"
"Young Thug","2143179292"
"The Strokes","2143099345"
"TWICE","2136877301"
"Kali Uchis","2127080999"
"$uicideboy$","2126748130"
"Mau y Ricky","2123770405"
"Rudimental","2119139154"
"Hozier","2116189344"
"B.o.B","2113653544"
"Noah Cyrus","2108071742"
"Hugh Jackman","2107723566"
"Becky Hill","2102826748"
"Destiny's Child","2095522728"
"Gucci Mane","2091770914"
"Mustard","2083890220"
"Kehlani","2082765936"
"Ski Mask The Slump God","2082256985"
"Joel Corry","2082071085"
"Tom Odell","2080045906"
"Simon & Garfunkel","2079714321"
"Sam Hunt","2079541993"
"The Cranberries","2078216345"
"Cigarettes After Sex","2069671339"
"Mora","2064798142"
"James Blunt","2059699086"
"Tove Lo","2055358267"
"NAV","2042184008"
"Mabel","2035426198"
"WILLOW","2031981023"
"Nelly Furtado","2030618950"
"Chris Stapleton","2020896571"
"Rag'n'Bone Man","2015746873"
"Swedish House Mafia","2004815486"
"Johnny Cash","2004718120"
"Florence + The Machine","2001659236"
"Tory Lanez","1997891333"
"2 Chainz","1995600087"
"Limp Bizkit","1993463823"
"A$AP Ferg","1992470252"
"JP Cooper","1992129857"
"Rick Ross","1990000355"
"Anderson .Paak","1984638861"
"Thomas Rhett","1977886387"
"Idina Menzel","1970167078"
"Birdy","1967937547"
"The White Stripes","1964127773"
"The Beach Boys","1957760189"
"Gigi D'Agostino","1951781922"
"Luke Bryan","1946381482"
"Jesse & Joy","1943483413"
"girl in red","1931628022"
"WALK THE MOON","1927379451"
"Original Broadway Cast of Hamilton","1922812411"
"Willy William","1922742275"
"Rage Against The Machine","1920466819"
"alt-J","1917353281"
"PNAU","1917066077"
"Madison Beer","1916942758"
"Milky Chance","1913815374"
"Jax Jones","1907387264"
"Avenged Sevenfold","1905232934"
"ScHoolboy Q","1904853233"
"Silk Sonic","1891622192"
"Van Halen","1887380079"
"Nick Jonas","1886075675"
"Skillet","1885094673"
"Maria Becerra","1885014824"
"Zac Brown Band","1881624099"
"PARTYNEXTDOOR","1874594480"
"Iggy Azalea","1873259682"
"Arizona Zervas","1870201869"
"John Newman","1867482492"
"Gwen Stefani","1857188128"
"Shaggy","1849133190"
"Ice Cube","1848957270"
"Ricky Martin","1841249119"
"beabadoobee","1840722964"
"LANY","1837314236"
"Juanes","1836087760"
"YoungBoy Never Broke Again","1833288056"
"Darell","1832505099"
"T-Pain","1827616058"
"Kodaline","1825166842"
"Yandel","1824975999"
"Of Monsters and Men","1822673803"
"Billy Ray Cyrus","1816457129"
"Jimi Hendrix","1812252184"
"Evanescence","1805500630"
"Fergie","1804468715"
"Mac DeMarco","1804451441"
"Weezer","1795343683"
"Cheat Codes","1792644544"
"Kina","1785093501"
"Rammstein","1783670678"
"Colbie Caillat","1778151636"
"Justin Quiles","1772941010"
"The Doors","1771125511"
"Sean Kingston","1771060688"
"Madonna","1769110543"
"The Jackson 5","1763516198"
"Leslie Odom Jr.","1758076069"
"George Michael","1754603641"
"fun.","1754458570"
"Lost Frequencies","1754333507"
"The Vamps","1752247833"
"Summer Walker","1749422355"
"Eric Clapton","1743472232"
"Brent Faiyaz","1739579376"
"The Goo Goo Dolls","1739078091"
"Tears For Fears","1737374942"
"Marc Anthony","1736289567"
"Mitski","1733837213"
"Steve Aoki","1732055658"
"RAYE","1730113727"
"Burna Boy","1729985077"
"Bring Me The Horizon","1729127626"
"Maná","1724390797"
"Van Morrison","1724216757"
"Taio Cruz","1724075866"
"Lil Durk","1722575292"
"De La Ghetto","1722419455"
"KHEA","1721820319"
"JID","1719121359"
"Ms. Lauryn Hill","1716932385"
"Céline Dion","1715868423"
"Andy Grammer","1711396814"
"Paul McCartney","1711122126"
"The Clash","1707433900"
"KISS","1706735957"
"YG","1706442600"
"Morat","1706360263"
"NLE Choppa","1699607449"
"Cyndi Lauper","1698482812"
"Chase Atlantic","1696054337"
"The 1975","1688789665"
"3 Doors Down","1687697599"
"Annie Lennox","1685061702"
"a-ha","1684469814"
"Arcángel","1682670610"
"Alok","1679347079"
"Quevedo","1671453339"
"Electric Light Orchestra","1670757389"
"Feid","1669275647"
"Alejandro Fernández","1668961258"
"Juan Magán","1667146658"
"Stromae","1666620347"
"The Smiths","1662383999"
"Trey Songz","1659049862"
"Julieta Venegas","1658760147"
"Keane","1657506479"
"Jaymes Young","1655080050"
"AJR","1645948980"
"Calibre 50","1632445386"
"Sublime","1625940793"
"T.I.","1625310493"
"The Pussycat Dolls","1624740110"
"Elley Duhé","1623276965"
"Baby Keem","1621273397"
"Banda MS de Sergio Lizárraga","1616901575"
"Gym Class Heroes","1614359745"
"bbno$","1613887954"
"Iron Maiden","1613784310"
"Papa Roach","1612461275"
"Bob Dylan","1608463381"
"Aretha Franklin","1608177290"
"John Lennon","1604578284"
"Rise Against","1604154212"
"Lee Brice","1599878695"
"Marília Mendonça","1592331789"
"MARINA","1587462784"
"Snow Patrol","1586021470"
"Sum 41","1575458227"
"Two Feet","1575180652"
"Gabry Ponte","1563015079"
"Lord Huron","1561272561"
"Two Door Cinema Club","1552654678"
"Leona Lewis","1550212491"
"Kevin Gates","1549792739"
"Cavetown","1547223876"
"Pablo Alborán","1546551013"
"Grupo Firme","1532237470"
"Bill Withers","1532214821"
"The Black Keys","1529963781"
"Brytiago","1527825601"
"The Smashing Pumpkins","1526082763"
"Daya","1516680840"
"The Who","1514041248"
"Owl City","1513963844"
"Dermot Kennedy","1512332454"
"Arcane","1511208283"
"Mötley Crüe","1510035074"
"Henrique & Juliano","1509612994"
"Robbie Williams","1508926485"
"Jowell & Randy","1507665461"
"Jason Aldean","1505535483"
"Mother Mother","1503067664"
"Dolly Parton","1502495340"
"Trippie Redd","1500643766"
"Gotye","1498868664"
"Ñengo Flow","1497314419"
"Loud Luxury","1495313822"
"Boney M.","1489336029"
"Rich The Kid","1488260374"
"Spice Girls","1486258159"
"Oliver Tree","1484123868"
"CKay","1483771320"
"White Noise Baby Sleep","1478254176"
"Lin-Manuel Miranda","1468271967"
"White Noise for Babies","1466122347"
"Alejandro Sanz","1461593517"
"Rascal Flatts","1457765111"
"Timbaland","1456707368"
"Dominic Fike","1450858650"
"Jhené Aiko","1449238782"
"PnB Rock","1447268571"
"C. Tangana","1447195059"
"Saweetie","1445305456"
"TLC","1442636667"
"Carin Leon","1442137887"
"Tiago PZK","1440763252"
"Korn","1436808726"
"*NSYNC","1427833756"
"Bomba Estéreo","1424582524"
"The Kooks","1422389614"
"Jon Pardi","1421580919"
"Audioslave","1419408012"
"Norah Jones","1417215691"
"Los Ángeles Azules","1416115917"
"Roxette","1412475292"
"Quavo","1410279144"
"Riton","1408933573"
"Jay Wheeler","1408670563"
"Joan Sebastian","1406336979"
"Breaking Benjamin","1401534616"
"M83","1400927035"
"Ofenbach","1399705815"
"Will Smith","1396680494"
"Yusuf / Cat Stevens","1396342349"
"Shania Twain","1394390651"
"El Alfa","1394239195"
"Gesaffelstein","1392681110"
"Sin Bandera","1392315295"
"Nicki Nicole","1388783498"
"Zé Neto & Cristiano","1388629862"
"Cage The Elephant","1386180350"
"Tom Petty","1382143006"
"Dave","1379722174"
"Tracy Chapman","1375618931"
"Cartel De Santa","1374816347"
"Joyner Lucas","1367573968"
"will.i.am","1362307072"
"Anitta","1361008460"
"Kimbra","1360082088"
"Lucenzo","1359049594"
"LMFAO","1356775419"
"Danna Paola","1351551874"
"Eric Church","1349651566"
"Cosculluela","1346591891"
"Empire of the Sun","1344581055"
"The All-American Rejects","1343395660"
"Brett Young","1342827581"
"Foreigner","1340094689"
"Central Cee","1338669891"
"Eurythmics","1333814713"
"Chelsea Cutler","1333392610"
"Rvssian","1332220177"
"Zoé","1330997845"
"Survivor","1330261759"
"Dave Stewart","1329883401"
"Otis Redding","1328874907"
"Calle 13","1325576475"
"Aitana","1324379341"
"Leon Bridges","1320395617"
"Plan B","1319611598"
"DJ Nelson","1318645947"
"TINI","1316319356"
"Thirty Seconds To Mars","1311820465"
"Paul Simon","1310932758"
"EXO","1310206512"
"Soulja Boy","1308083213"
"Jessie Reyez","1306484232"
"(G)I-DLE","1304212458"
"The Game","1301318708"
"Gente De Zona","1300427989"
"Bing Crosby","1299071333"
"Cali Y El Dandee","1298549794"
"Selena Gomez & The Scene","1298429200"
"Tina Turner","1296235127"
"Sara Bareilles","1296177539"
"Stormzy","1293176151"
"Prince","1293117652"
"Los Enanitos Verdes","1290172842"
"Ciara","1287386672"
"Flume","1283079836"
"H.E.R.","1281519320"
"Kid Ink","1279881259"
"ZZ Top","1279644556"
"Louis Armstrong","1279317668"
"Sofía Reyes","1277070374"
"Sabrina Carpenter","1276453973"
"The Temptations","1270720254"
"Red Velvet","1270073574"
"John Denver","1269587965"
"Alice In Chains","1265225119"
"Supertramp","1264636472"
"Mon Laferte","1254219326"
"Blueface","1253770113"
"Lily Allen","1247970495"
"Thalia","1247167759"
"Kenny Loggins","1245488534"
"Rod Stewart","1240752711"
"Jorja Smith","1233524495"
"ILLENIUM","1233275689"
"Wyclef Jean","1224273234"
"Sam Feldt","1222766794"
"Five Finger Death Punch","1222511531"
"Blur","1221412025"
"Rels B","1219774886"
"Tim McGraw","1217962969"
"YOASOBI","1217120932"
"Santana","1216985854"
"Seether","1216953299"
"Years & Years","1216249208"
"Hombres G","1214061549"
"Yung Gravy","1208107599"
"Lykke Li","1206855194"
"Trueno","1204297730"
"M.I.A.","1193398653"
"MAX","1193220313"
"Pixies","1192383857"
"Pritam","1191515913"
"Cher","1189623880"
"Incubus","1187012865"
"The Doobie Brothers","1184387549"
"No Doubt","1184026015"
"Camila","1182153944"
"Sasha Alex Sloan","1181617468"
"Lenny Kravitz","1181456219"
"Nat King Cole","1178347746"
"La Adictiva","1175936818"
"Duki","1175045947"
"Arijit Singh","1174763248"
"James Blake","1171191318"
"Chayanne","1170669025"
"UB40","1167454456"
"Ricardo Arjona","1165535251"
"Blake Shelton","1164350964"
"Selena","1163632447"
"Dean Martin","1163296972"
"Ozzy Osbourne","1159716410"
"Boston","1154797324"
"Tyler Childers","1151168653"
"Santa Fe Klan","1148938269"
"Shinedown","1145381980"
"Natalia Lafourcade","1145325157"
"Sleepy Hallow","1145262604"
"Sleeping At Last","1143123491"
"NIKI","1141177389"
"Maiara & Maraisa","1141072146"
"Busta Rhymes","1138524355"
"ITZY","1137545163"
"Jaden","1135177342"
"The Verve","1133652154"
"Marco Antonio Solís","1133130237"
"Ghostemane","1132819902"
"Bonnie Tyler","1129978140"
"Plain White T's","1127735411"
"$NOT","1127638002"
"Kevin Kaarl","1127375010"
"Kansas","1126809819"
"Carrie Underwood","1126803129"
"Billy Currington","1122919305"
"Wisin & Yandel","1122041351"
"Tom Petty and the Heartbreakers","1121428367"
"Darius Rucker","1119727862"
"Chief Keef","1115765676"
"Pineapple StormTv","1115605976"
"BoyWithUke","1114853343"
"Soundgarden","1113669714"
"La Oreja de Van Gogh","1111956830"
"AURORA","1111602554"
"Volbeat","1111366913"
"AP Dhillon","1110345507"
"Matheus & Kauan","1108579227"
"Aya Nakamura","1106530586"
"Armin van Buuren","1103876058"
"Jay Rock","1103329873"
"Kelsea Ballerini","1102960225"
"David Bisbal","1097981278"
"Tinashe","1097318049"
"Joey Bada$$","1096908874"
"Sting","1095104172"
"Fat Joe","1093697675"
"R. Kelly","1092334628"
"Jimmy Eat World","1084212771"
"INXS","1080864444"
"La Arrolladora Banda El Limón De Rene Camacho","1079703026"
"Kenny Chesney","1079640795"
"Fugees","1079511603"
"Lil Jon","1077632734"
"Kacey Musgraves","1077400603"
"Simple Plan","1076431782"
"Duran Duran","1076125448"
"Brooks & Dunn","1074103588"
"Lyanno","1073914977"
"Mario","1073261077"
"Yo Gotti","1072907172"
"Beach House","1072244477"
"Smash Mouth","1070522374"
"Heart","1067976366"
"El Fantasma","1067204628"
"Matuê","1064834590"
"Ella Henderson","1063876310"
"IU","1062267193"
"Carlos Rivera","1061682869"
"Jordan Davis","1057665162"
"Steve Miller Band","1056857856"
"Beastie Boys","1056353552"
"Mike Perry","1055757162"
"Diddy","1054083414"
"Tammi Terrell","1052814584"
"Scorpions","1052425781"
"Air Supply","1050318306"
"Matchbox Twenty","1048080806"
"Gurinder Gill","1047119107"
"Gryffin","1046967868"
"LP","1045874565"
"Apache 207","1045545926"
"Chicago","1044827536"
"Missy Elliott","1043863615"
"Andy Williams","1043434279"
"Ben&Ben","1040359602"
"Eladio Carrion","1032825963"
"Alanis Morissette","1031692650"
"The Living Tombstone","1031486456"
"All Time Low","1031448615"
"Queens of the Stone Age","1031366596"
"Bryant Myers","1028862801"
"Counting Crows","1025892572"
"Gloria Gaynor","1025131777"
"A Day To Remember","1024190620"
"Toby Keith","1022911049"
"Lauren Daigle","1021326695"
"Angus & Julia Stone","1020142406"
"Chuck Berry","1018722422"
"OFFICIAL HIGE DANDISM","1017510709"
"Westlife","1017145233"
"José José","1016372884"
"Franz Ferdinand","1016254166"
"Cults","1013194323"
"America","1012285028"
"Alan Jackson","1012008582"
"The Kinks","1010749286"
"Far East Movement","1010442840"
"Bacilos","1009649560"
"Juan Gabriel","1003784599"
"Sigala","1002372364"
"Pantera","1001201932"
"Cuco","1000011925"
"Ryan Castro","997041302"
"Kenny Rogers","996857678"
"Tems","994610726"
"Gera MX","991241313"
"DMX","990503203"
"The Score","989781761"
"Jarabe De Palo","989667445"
"Ricky Montgomery","989613818"
"Kim Petras","988361958"
"Ludovico Einaudi","987816020"
"Luis R Conriquez","987410890"
"Hillsong UNITED","987263421"
"Marilyn Manson","986752970"
"Etta James","985969849"
"NEFFEX","985750346"
"Charli XCX","983890647"
"Junior H","980764254"
"Dove Cameron","980762777"
"Xamã","980707602"
"Sade","980690487"
"Nas","980557199"
"Hoobastank","980494300"
"Vicente Fernández","979775576"
"Wu-Tang Clan","978189320"
"Nightcrawlers","976941357"
"Keith Urban","975291035"
"Wale","967806385"
"Stray Kids","967626371"
"Carla Morrison","965292557"
"Martin Solveig","964976357"
"Shouse","963193603"
"PNL","960113406"
"King Von","959247536"
"Brenda Lee","957358909"
"Ashe","954446938"
"Ginuwine","953614346"
"Cris Mj","951950341"
"Café Tacvba","951444050"
"Eslabon Armado","948712435"
"Burl Ives","947555393"
"Ja Rule","946926107"
"Men At Work","946584040"
"Good Charlotte","945898391"
"Creed","944816710"
"Nina Simone","944716236"
"Jay Sean","943025826"
"Hollywood Undead","942448459"
"Ninho","942224370"
"Natasha Bedingfield","941994336"
"Lupe Fiasco","940882573"
"The Walters","939970349"
"Neil Diamond","939239919"
"Shiloh Dynasty","939221325"
"Bonez MC","938396268"
"ENHYPEN","931701883"
"Stephanie Beatriz","930416790"
"Banda Los Recoditos","927746027"
"Robin Thicke","927376377"
"Lil Tracy","926668885"
"Lenin Ramírez","924943513"
"Melendi","924924302"
"Stone Sour","924651947"
"Marca MP","923274346"
"Elefante","922784811"
"Lifehouse","921184680"
"Falling In Reverse","920356492"
"Lionel Richie","919958517"
"Angèle","916838012"
"Talking Heads","915943754"
"LIT killah","915811367"
"Chris Young","913098746"
"Boyz II Men","913083148"
"Kid Rock","912937139"
"Jorge & Mateus","910476055"
"Dread Mar I","908457811"
"Lady A","907112630"
"Dierks Bentley","906220981"
"MIKA","906219398"
"Miranda Lambert","905670862"
"Deftones","905316810"
"Third Eye Blind","903454467"
"Al Green","903407448"
"Aaron Smith","903382522"
"Canserbero","902140645"
"Godsmack","900460195"
"James Taylor","899133698"
"Río Roma","899094025"
"Los Tigres Del Norte","898190224"
"Tion Wayne","897117947"
"George Strait","893699811"
"Mary J. Blige","892774248"
"Rod Wave","889950731"
"Paloma Faith","888977283"
"The Supremes","888580365"
"Travis Barker","888285052"
"L7NNON","887789765"
"Sufjan Stevens","886794160"
"George Harrison","886529718"
"Rema","884554318"
"Cristian Castro","883823960"
"JVKE","883293308"
"Europe","882617730"
"RAF Camora","882200297"
"Luísa Sonza","881787066"
"Zé Felipe","881307370"
"Phoebe Bridgers","881284097"
"Starship","879978752"
"The Mamas & The Papas","878836976"
"Josh Turner","878090565"
"Kool & The Gang","877260704"
"Beret","873662553"
"Tom Grennan","872173245"
"DENNIS","870328657"
"Dilsinho","868953636"
"Filipe Ret","868744102"
"Franco De Vita","868700909"
"TV Girl","865403310"
"42 Dugg","864602230"
"Simply Red","863695859"
"Jubin Nautiyal","859785759"
"Pentatonix","859656393"
"Savage Garden","859601453"
"Noriel","858721942"
"N.W.A.","858575731"
"Hans Zimmer","858255899"
"Bo Burnham","858152107"
"Ben E. King","857340863"
"Charlie Brown Jr.","857188362"
"Ella Fitzgerald","856218122"
"Blondie","855396870"
"WOS","853209953"
"Bullet For My Valentine","852604865"
"Eyedress","852257471"
"Def Leppard","851846365"
"BIGBANG","850763096"
"Los Dos Carnales","850538513"
"SYML","850274465"
"Steely Dan","849256164"
"Ha*Ash","849057055"
"Guilherme & Benuto","848384474"
"The Chicks","848199681"
"John Mellencamp","848024827"
"ODESZA","847353100"
"John Travolta","847351714"
"City Girls","843091291"
"Dido","842434825"
"keshi","838416268"
"Meryl Streep","838225239"
"Kevin Roldan","837050393"
"Tulus","836141841"
"Pepe Aguilar","835631918"
"Gustavo Cerati","835588043"
"Cedric Gervais","833668113"
"Carpenters","831572295"
"Tanishk Bagchi","830871470"
"Juan Luis Guerra 4.40","830304510"
"Capital Bra","829892105"
"Roy Orbison","828908955"
"REO Speedwagon","827866956"
"Commodores","827856636"
"Skepta","826966823"
"Rick Astley","825802108"
"Nipsey Hussle","824052497"
"Neo Beats","823742361"
"Polimá Westcoast","822655565"
"Yeat","822147311"
"Little Big Town","820714399"
"José Feliciano","819426105"
"Valentín Elizalde","818930999"
"Tony Dize","817368469"
"Cody Johnson","815043256"
"Miguel Bosé","814330227"
"Stephen Sanchez","813886068"
"Diego & Victor Hugo","813509897"
"Crowded House","813154141"
"The Ronettes","811857328"
"Mobb Deep","810394894"
"Kylie Minogue","809949538"
"João Gomes","809418620"
"Olivia Newton-John","809142077"
"Night Lovell","808044930"
"Damian Marley","807453923"
"The Wombats","804693680"
"Phoenix","804372646"
"Pierce The Veil","802661529"
"PSY","802062499"
"Ray Charles","801253747"
"The Cars","801055106"
"Ana Gabriel","799841645"
"Los Tucanes De Tijuana","799804565"
"Alfredo Olivas","799137401"
"Theory of a Deadman","797662861"
"Mandy Moore","796577855"
"Ovy On The Drums","796449907"
"Caifanes","795926103"
"Blackstreet","794380916"
"GIMS","794357923"
"Los Bukis","793123712"
"Carlos Baute","792748311"
"Cypress Hill","791963917"
"Vince Staples","791294621"
"Damso","791008781"
"Boyce Avenue","788586436"
"José González","786465264"
"Don McLean","785699740"
"Novo Amor","784326002"
"Ricardo Montaner","783970566"
"Joe Cocker","780077302"
"Cream","779348300"
"Brad Paisley","778975602"
"Faith Evans","778752761"
"Naps","778014472"
"The Paper Kites","777954641"
"Andrés Calamaro","777566848"
"Aloe Blacc","777236994"
"Bob Seger","776553479"
"MF DOOM","775423588"
"Pailita","774794799"
"RÜFÜS DU SOL","774732663"
"Ghost","773313522"
"Hugo & Guilherme","770671021"
"PinkPantheress","769201532"
"ATB","768264497"
"Zach Bryan","767546202"
"Thousand Foot Krutch","766407721"
"Yeah Yeah Yeahs","763563561"
"Bas","761215054"
"Gusttavo Lima","761121661"
"Asees Kaur","761030237"
"Zion","760742083"
"Staind","760043275"
"Kenshi Yonezu","757675715"
"Tego Calderón","757576690"
"Paolo Nutini","757459922"
"Laura Pausini","757051393"
"Teto","756811449"
"Manu Chao","756620921"
"Ferrugem","756328379"
"Rocío Dúrcal","753678893"
"Adolescent's Orquesta","750088010"
"Aitch","747292782"
"Bobby Helms","745093767"
"Blue Öyster Cult","742570679"
"A Tribe Called Quest","740669596"
"Jacquees","739136420"
"Masego","738237061"
"Luan Santana","737130703"
"Freddie Dredd","736331372"
"Ludacris","735013837"
"Neha Kakkar","734892964"
"Cardenales De Nuevo León","731516925"
"Megadeth","730699593"
"Seafret","730525651"
"Andrea Bocelli","730437867"
"BONES","729876228"
"Alphaville","729735963"
"Louis Tomlinson","729694990"
"Willie Colón","728541932"
"Ezhel","728129333"
"Yiruma","727123547"
"Nanpa Básico","726674519"
"Rush","725562973"
"Purple Disco Machine","724768618"
"Barry White","721655288"
"The Temper Trap","720714117"
"La Quinta Estacion","717870653"
"Gloria Trevi","717078470"
"Moneybagg Yo","716270403"
"Warren G","715963890"
"Jamiroquai","714961220"
"Grupo Marca Registrada","714954015"
"Allman Brothers Band","712876352"
"Phantogram","712853870"
"Eros Ramazzotti","709788878"
"Pouya","709589159"
"Yuridia","709280053"
"Grimes","706474600"
"Four Tops","705946132"
"Janis Joplin","705779738"
"Don Henley","705458583"
"Blxst","705231394"
"Paulina Rubio","703808976"
"Oliver Heldens","703635563"
"Gerardo Ortiz","702289994"
"TOMORROW X TOGETHER","701744060"
"Pretenders","700808024"
"Matisse","699689843"
"Arcade Fire","698693851"
"Moby","698346127"
"Denzel Curry","697349358"
"Joy Division","695390060"
"Mainstreet","695062492"
"Whitesnake","694730664"
"Ramones","694561329"
"Intocable","694561325"
"Wizkid","693529595"
"R3HAB","691046204"
"Major Lazer","690859027"
"Keyshia Cole","690741310"
"SEVENTEEN","690378803"
"Modest Mouse","689196530"
"Brett Eldredge","688859093"
"Vengaboys","688122594"
"j-hope","687872366"
"Yann Tiersen","687022518"
"TOOL","686948293"
"Poison","686144564"
"Descemer Bueno","686055314"
"Ace of Base","685920941"
"Pusha T","685071650"
"Salmo","685004678"
"Ashanti","681127999"
"Huey Lewis & The News","680231181"
"Daughtry","678198852"
"Vacations","676922067"
"Blessd","676534182"
"Key Glock","675668285"
"Gustavo Mioto","673763777"
"Rainbow Kitten Surprise","673677705"
"TheFatRat","673331144"
"Ronan Keating","671935564"
"Israel & Rodolffo","671920340"
"Legião Urbana","671919111"
"Dadju","671209781"
"Tech N9ne","671125035"
"Los Temerarios","670763269"
"The Pointer Sisters","669957223"
"Eiffel 65","669104422"
"John Williams","668973983"
"The Outfield","668598761"
"G Herbo","666488553"
"Simone & Simaria","665502967"
"Los Fabulosos Cadillacs","665376710"
"Beck","664349009"
"Mecano","663995134"
"Elevation Worship","662417607"
"Grupo Niche","661555920"
"Fiersa Besari","660771875"
"Inspector","659919286"
"Panteon Rococo","659392600"
"Enya","658949965"
"Vintage Culture","657499515"
"Billy Talent","657398938"
"Heroes Del Silencio","657361881"
"Aleman","657186185"
"Eric Prydz","656791207"
"d4vd","656519739"
"Thundercat","655802119"
"Adam Levine","655635401"
"Waylon Jennings","655106440"
"Judas Priest","653861994"
"IVE","651707181"
"Summer Cem","651287888"
"Los Auténticos Decadentes","650744639"
"Eazy-E","649356708"
"Vishal-Shekhar","647413512"
"Gilberto Santa Rosa","646946052"
"Massive Attack","646335261"
"Sabaton","645295401"
"CRO","644423267"
"Bread","643411865"
"B Praak","642003072"
"Fabolous","641859088"
"Indila","640578337"
"Mrs. GREEN APPLE","640404877"
"Natanael Cano","640338423"
"1nonly","638891852"
"MK","638648197"
"Bruno & Marrone","637092442"
"Alexis y Fido","634690507"
"I Prevail","634338016"
"Brantley Gilbert","634127387"
"Atif Aslam","632460573"
"Natiruts","631487635"
"Bunbury","631140169"
"Mc Davi","630709392"
"Zack Tabudlo","629212221"
"Estelle","629164575"
"Janet Jackson","629093596"
"Donna Summer","628364358"
"Vicentico","627627111"
"Take That","627023191"
"Stevie Nicks","625795007"
"Eve","625629478"
"La Factoria","625458276"
"The Cinematic Orchestra","625028685"
"New Order","624233129"
"The Prodigy","624159329"
"James Hype","623874711"
"Matheus Fernandes","622278063"
"Ana Mena","620323371"
"Alice Cooper","620251641"
"KAYTRANADA","620201257"
"Soft Cell","619015437"
"D12","618440381"
"Seal","618381033"
"Kordhell","617294453"
"The Velvet Underground","617140514"
"Emmanuel","616329727"
"MC Ryan SP","615446532"
"Banda El Recodo","612993748"
"Sfera Ebbasta","612016886"
"Perry Como","611454799"
"Thin Lizzy","611143074"
"Fonseca","610813096"
"Jon Z","610214304"
"Gloria Estefan","609073672"
"Racionais MC's","609035172"
"Chris Tomlin","608653000"
"A.R. Rahman","606913932"
"K.Flay","606294270"
"Sam Cooke","604329037"
"CeeLo Green","602262744"
"Rosa Linn","602067048"
"Billy Idol","601732219"
"Willie Nelson","601604208"
"Stone Temple Pilots","599984485"
"Nekfeu","599939839"
"Michael Bolton","599615494"
"The National","598962408"
"Death Cab for Cutie","597432893"
"Rob Zombie","597115983"
"Yo-Yo Ma","596934616"
"Omar Varela","596386760"
"Nando Reis","595860581"
"Gregory Alan Isakov","595853844"
"Craig David","594692188"
"Richard Marx","593875301"
"Miky Woodz","592128530"
"Ángela Aguilar","591152036"
"Mari Fernandez","590933116"
"Motörhead","590047462"
"Meat Loaf","589772702"
"Jim Croce","589692943"
"Molotov","588761939"
"Grover Washington, Jr.","588702410"
"Standly","588157769"
"Bone Thugs-N-Harmony","587756809"
"Juicy J","584638692"
"La Ley","584393061"
"Iggy Pop","584275630"
"Shreya Ghoshal","583131008"
"Brray","582108562"
"Crystal Castles","582030046"
"Marta Sánchez","581761483"
"Dropkick Murphys","581697503"
"Sidhu Moose Wala","580043776"
"BIA","579221255"
"Young Nudy","579129953"
"Modern Talking","578775441"
"Julión Álvarez y su Norteño Banda","578374121"
"Orochi","577909210"
"Mc Don Juan","576028434"
"Christian Chávez","575976223"
"Anahí","575976223"
"Dulce María","575976223"
"RBD","575976223"
"Maite Perroni","575976223"
"Cazzu","575054164"
"Money Man","573158974"
"Wings","572908956"
"Patrick Watson","572803792"
"Max Richter","571742337"
"Jenni Rivera","570303375"
"Skank","568801670"
"Jerry Rivera","568438781"
"Tommee Profitt","568254236"
"Dimitri Vegas & Like Mike","568041524"
"Barbra Streisand","567513725"
"Reyli Barba","567376093"
"Jeezy","566256798"
"NCT 127","564825747"
"Gzuz","563442810"
"Takeoff","562462879"
"El Komander","561492018"
"Mr.Kitty","561447345"
"Aleks Syntek","561031421"
"Lil Yachty","560905351"
"Grupo Menos É Mais","559706126"
"Killswitch Engage","559154658"
"Chalino Sanchez","559060189"
"Natalie Cole","557652409"
"Carly Simon","557369125"
"Pink Floyd","557368632"
"Leonard Cohen","556452286"
"Kany García","556366970"
"Los Cadetes De Linares","556276355"
"James Brown","555444918"
"Chris Lake","555055651"
"Nine Inch Nails","554403529"
"Yuri","553510900"
"Shilpa Rao","553279046"
"Xand Avião","550485237"
"Glee Cast","550122796"
"Badshah","549669295"
"Joan Jett & the Blackhearts","549409258"
"UZI","547958313"
"Kumaar","545077108"
"María José","543766583"
"Lloyd","543535267"
"Stereophonics","543266204"
"Diego Torres","542993787"
"Alabama","542871105"
"Keri Hilson","542178675"
"Angel Y Khriz","541902479"
"Ado","540545456"
"Soda Stereo","540073481"
"Fuerza Regida","539994326"
"Turma do Pagode","539379773"
"Luther Vandross","539001651"
"Eddie Santiago","538759800"
"Christopher Cross","538100202"
"Tito ""El Bambino""","537966471"
"Lasso","536759259"
"Celia Cruz","535735144"
"PXNDX","534622674"
"No Te Va Gustar","533720465"
"ATEEZ","533630491"
"Cultura Profética","532968658"
"Miranda!","531601493"
"Sheryl Crow","531554053"
"Conjunto Primavera","531274176"
"FLETCHER","530803359"
"Benny Sings","528968205"
"Capo Plaza","528461551"
"t.A.T.u.","528432090"
"Khruangbin","527789205"
"Ñejo","527516023"
"Los Angeles De Charly","526837402"
"Peso Pluma","526360339"
"Depeche Mode","526015198"
"Ana Bárbara","525455832"
"Tom Jones","525364330"
"Frankie Ruiz","525283810"
"King","524606981"
"Yelawolf","524345245"
"Fujii Kaze","523814863"
"Bob Sinclar","523379486"
"Bethel Music","521214264"
"Jesús Adrián Romero","520476696"
"Tulsi Kumar","519259171"
"Felipe Amorim","519104342"
"Soolking","519087912"
"Yoko Ono","518973266"
"Pancho Barraza","518562245"
"Mithoon","517691714"
"MC Cabelinho","516642494"
"J Alvarez","516400239"
"Diana Ross","515875969"
"C418","515621251"
"Majestic","515610938"
"Tony Bennett","515484833"
"Lil' Kim","515124767"
"Gazo","514183757"
"Jackson Browne","514041056"
"KK","513034893"
"Daniel Hope","512787775"
"Dave Matthews Band","512647858"
"Eden Muñoz","511887997"
"Pet Shop Boys","511388531"
"LE SSERAFIM","511296053"
"Darshan Raval","511185616"
"Interpol","511075182"
"Jay Chou","509924223"
"Tom Rosenthal","509472851"
"Mägo de Oz","509201080"
"Fito y Fitipaldis","508752758"
"Pinguini Tattici Nucleari","507636204"
"Alejandra Guzman","507142054"
"Timbiriche","506988314"
"Slayer","505454878"
"Mi Banda El Mexicano","504452146"
"Mohit Chauhan","504309665"
"Brooke Ligertwood","504078860"
"Babasónicos","502882165"
"Maes","502449923"
"Chris Isaak","501992836"
"Vaundy","500143091"
"Randy","499829033"
"112","498963855"
"Alex Ubago","498221193"
"Johann Sebastian Bach","497844727"
"Hank Williams, Jr.","497819302"
"Hungria Hip Hop","495101411"
"Travis Tritt","494841643"
"Chevelle","493586512"
"Grateful Dead","493423236"
"KC & The Sunshine Band","493380212"
"ONE OK ROCK","492250944"
"Kendo Kaponi","491304454"
"Vishal Mishra","491053569"
"Elvis Crespo","490113060"
"Amitabh Bhattacharya","489748107"
"Sachin-Jigar","489121265"
"Mc Poze do Rodo","488501873"
"Coez","486785960"
"Hardwell","486138263"
"Jory Boy","485455777"
"SCH","485420604"
"Rochak Kohli","485110961"
"Los Invasores De Nuevo León","484236924"
"Nardo Wick","483717212"
"Abel Pintos","482661986"
"Estopa","482168562"
"TAEYEON","482018799"
"Randy Travis","481720094"
"Faith Hill","481462892"
"Em Beihold","481223642"
"Stan Getz","479495189"
"London Symphony Orchestra","479462058"
"Moira Dela Torre","477232785"
"Erykah Badu","476426558"
"Kelly Rowland","475992907"
"Mazzy Star","475859286"
"Cassie","475428814"
"NCT DREAM","474447100"
"Belinda","473592632"
"Grupo Frontera","472596439"
"Silvestre Dangond","472568804"
"DVRST","471432811"
"Los Prisioneros","469633015"
"Cássia Eller","469385370"
"Anirudh Ravichander","469092138"
"Miracle Tones","468118000"
"RADWIMPS","467787240"
"MC Hariel","467276960"
"Method Man","465953258"
"Vedo","465453349"
"Twista","465237521"
"JJ Lin","465229937"
"Morad","465212727"
"070 Shake","464748617"
"Duman","462551523"
"João Gilberto","461685558"
"Orelsan","461149215"
"Scooter","461041103"
"Vilma Palma e Vampiros","459464376"
"Grupo Bryndis","458039238"
"Toby Fox","457809044"
"Gaab","457225481"
"Solfeggio Healing Frequencies MT","455272275"
"Ivan Cornejo","455197316"
"First Aid Kit","455190365"
"Jay Park","454479587"
"Duelo","454054877"
"Ana Castela","452798440"
"Brandy","452544721"
"Alka Yagnik","451386242"
"José Luis Perales","451009773"
"Fito Paez","450041866"
"Raí Saia Rodada","449908655"
"Leo Dan","449901945"
"Aaliyah","449892730"
"Janelle Monáe","449774965"
"Los Acosta","447769409"
"Wesley Safadão","447720990"
"Neeti Mohan","447644217"
"Stevie Ray Vaughan","447201458"
"Mœnia","447147256"
"Niska","445727451"
"Armaan Malik","444665635"
"Mijares","444528012"
"El Canto Del Loco","443851338"
"HARDY","442819236"
"Lomepal","441815400"
"Binomio de Oro de América","441406372"
"Kontra K","441299938"
"Jul","440853685"
"Aimer","440634823"
"Afrojack","439328884"
"Madlib","439116080"
"Fred again..","434563752"
"D-Block Europe","433674899"
"Prezioso","433648784"
"Maelo Ruiz","433537251"
"O Rappa","433490716"
"Pixote","433355650"
"Los Cafres","432495698"
"Lazza","430679749"
"Casting Crowns","430418805"
"Mc Kevin","429668051"
"Latto","428015546"
"Nick Cave & The Bad Seeds","427656560"
"Los Bunkers","427519930"
"Shakin' Stevens","427009941"
"Los Pericos","426785546"
"Camilo Sesto","426723898"
"George Benson","426219829"
"Dhanush","423493740"
"Helene Fischer","422695029"
"Madvillain","420460012"
"Víctor Manuelle","419801437"
"Montell Fish","418351629"
"Young Dolph","417961234"
"Damas Gratis","416818730"
"Mark Morrison","416488980"
"Luciano","415727636"
"Roberto Carlos","415535181"
"Claude Debussy","414684941"
"La Santa Grifa","414419590"
"John Coltrane","413724337"
"Tayc","413214015"
"Joe","412899250"
"Earl Sweatshirt","411481179"
"back number","410018266"
"Héctor ""El Father""","409950803"
"Men I Trust","409915122"
"Chet Baker","408580542"
"Glenn Fredly","407124706"
"Sheila On 7","406003344"
"Eraserheads","405924454"
"Omar Apollo","405774462"
"Antonio Aguilar","405187349"
"Pablo Chill-E","405095511"
"Tribo da Periferia","404660686"
"Marracash","404419501"
"Parokya Ni Edgar","404387896"
"Fatboy Slim","403320412"
"Peter Fox","403311122"
"Sido","403248274"
"Antonio Orozco","401817427"
"Antônio Carlos Jobim","401443612"
"Claptone","401011443"
"Noah Kahan","399224994"
"Capo","398393323"
"Joaquín Sabina","398089041"
"Belanova","397896127"
"Placebo","396594160"
"Sergio Vega ""El Shaka""","396104788"
"India Martinez","395269819"
"The Lyndhurst Orchestra","395183889"
"Bailey Zimmerman","394231719"
"Siddhartha","393367426"
"Gemitaiz","393305014"
"Ivy Queen","393281262"
"Thiaguinho","392368538"
"Marisela","391642126"
"Klaas","390642367"
"Charles Ans","390296847"
"Nikhita Gandhi","390280944"
"Mos Def","389959381"
"Lulu Santos","388965219"
"Maneva","388366018"
"Ocean Waves For Sleep","387868422"
"Sarah McLachlan","386935149"
"Timmy Trumpet","386530973"
"Diljit Dosanjh","386406606"
"Skylar Grey","386065280"
"Ufo361","386033596"
"Gavin Greenaway","385363591"
"Billie Holiday","385354245"
"Frédéric Chopin","385240371"
"Aphex Twin","385065807"
"Set It Off","385004361"
"Diego Verdaguer","384759662"
"Ludwig van Beethoven","383986101"
"Ronnie Flex","382737418"
"Hamza","381454231"
"Lamb of God","381239020"
"Diana Krall","379986015"
"Fuego","379602667"
"Ovi","379433268"
"Djavan","376685871"
"Baby Rasta","375546822"
"Millonario","374632421"
"Rashmi Virag","374401791"
"Brandi Carlile","374167371"
"Murda","373529067"
"NATTAN","371072313"
"I Virtuosi Italiani","370905188"
"Vanesa Martín","370787472"
"Benny Benassi","370757806"
"mor ve ötesi","370506587"
"Lindsey Stirling","369741119"
"Alonzo","369713097"
"Jelly Roll","369391974"
"Pesado","369128290"
"CoComelon","369082154"
"La Mosca Tse-Tse","368887666"
"SDP","368826847"
"Sid Sriram","366808707"
"Jonita Gandhi","365728038"
"Xavier Wulf","365338511"
"Ajaxx","365210174"
"Guru Randhawa","364596314"
"Héctor Lavoe","363696534"
"Charles Aznavour","363372107"
"Patricio Rey y sus Redonditos de Ricota","362648215"
"WIU","362386440"
"Motionless In White","362305114"
"Javed Ali","361453837"
"Marcela Gandara","361300939"
"Nate Dogg","361111601"
"Shashaa Tirupati","360985982"
"Darlene Love","360352482"
"Jamie Foxx","358641121"
"La K'onga","355566296"
"Amaal Mallik","355506589"
"Toni Braxton","354118653"
"Bronco","353909224"
"Jota Quest","353688868"
"Beach Weather","352210611"
"Metallica","351648599"
"Silvio Rodríguez","351460511"
"Rahat Fateh Ali Khan","351000218"
"Booba","350096944"
"Vince Guaraldi Trio","349864499"
"Super Simple Songs","348132147"
"YSY A","347525092"
"Müslüm Gürses","347120559"
"Lisa Gerrard","346991287"
"Los Huracanes del Norte","346285935"
"Redman","341184668"
"Liberación","340361213"
"Kotim","340270709"
"Vasco Rossi","340109455"
"Ernia","339868522"
"LUDMILLA","339591904"
"Espinoza Paz","339571775"
"Nightwish","339448749"
"Amit Trivedi","339416776"
"Los Gemelos De Sinaloa","339368099"
"Wolfgang Amadeus Mozart","339171391"
"C-Kan","338791420"
"Ankit Tiwari","338710039"
"Los Caligaris","338704343"
"Michael Giacchino","338522990"
"Mindless Self Indulgence","337206012"
"INNA","334883684"
"Os Paralamas Do Sucesso","334716375"
"Leo Santana","334465982"
"Akhil","334462328"
"Kate Bush","334194348"
"Ocean Sounds","333494832"
"Palak Muchhal","332889063"
"Mc Paiva ZS","332371165"
"Marcianeke","332157378"
"Howard Shore","331818066"
"Ol' Dirty Bastard","330713185"
"Sonu Nigam","330249662"
"Ramin Djawadi","329560307"
"Manuel Carrasco","328791679"
"Hotel Ugly","328435285"
"Zé Ramalho","327146993"
"Shekhar Ravjiani","326914008"
"Charly García","325386868"
"Rubén Blades","324746529"
"Ramirez","323404307"
"Alceu Valença","322301149"
"Girls' Generation","321830289"
"Three 6 Mafia","321565351"
"Murilo Huff","320308352"
"Lvbel C5","319653377"
"TAEYANG","318584140"
"Jimmy Buffett","317831073"
"Mabel Matiz","317706710"
"James Horner","317478585"
"Sunidhi Chauhan","316872807"
"Banda Machos","315951868"
"Smino","315884748"
"Engenheiros Do Hawaii","315158427"
"Justine Skye","314936736"
"Tiakola","314450872"
"E-40","313660653"
"Seu Jorge","313335248"
"Mase","312706945"
"thasup","311907811"
"Rafaga","311039456"
"Misfits","310854142"
"Sorriso Maroto","310465601"
"Kris Kristofferson","309946387"
"Grupo Revelação","309731754"
"Péricles","309039833"
"Gala","308907476"
"Erik Satie","308270766"
"Tiziano Ferro","307792739"
"Ke Personajes","307334835"
"La Sonora Dinamita","307278778"
"Udit Narayan","305887198"
"El Cuarteto De Nos","304083177"
"Emis Killa","302769777"
"Oruam","300302712"
"Dallass","299020814"
"Shankar-Ehsaan-Loy","296400330"
"Tarkan","296124193"
"Jorge Drexler","295398186"
"Marisa Monte","294482035"
"Thomas Newman","294433339"
"Camille Saint-Saëns","294098171"
"Armand Van Helden","293142898"
"Kalash","292633782"
"James Newton Howard","292174536"
"Exaltasamba","291012240"
"Julio Iglesias","288685148"
"J.J. Cale","288582963"
"Xzibit","288285974"
"Alan Gomez","288203780"
"Edgardo Nuñez","287679774"
"Too $hort","287052609"
"Gojira","286906997"
"Andrés Cepeda","286381923"
"Ying Yang Twins","285421720"
"Jovanotti","284123084"
"Phil Wickham","283780269"
"Hillsong Worship","282772397"
"Luchè","281969914"
"Código FN","281460531"
"Alex G","281187396"
"Kavita Seth","280167792"
"Callejero Fino","279809560"
"Kaskade","279061539"
"John Powell","278847295"
"Los Inquietos Del Norte","277432205"
"Los Yonic's","277130973"
"Fernandinho","275896489"
"Neeraj Shridhar","275832938"
"BK","275607830"
"Peter Gabriel","275145897"
"Soprano","270943680"
"Alexandre Desplat","269023211"
"Bonobo","267059529"
"Insane Clown Posse","266816012"
"Ennio Morricone","266121172"
"Vishal Dadlani","265918338"
"Freddie Gibbs","265800677"
"South Park Mexican","265608318"
"Sezen Aksu","264355579"
"Lang Lang","264152037"
"Gene Autry","263765966"
"Fiona Apple","263218071"
"Raffi","262322313"
"Dewa 19","261162359"
"Cem Adrian","260928509"
"Shankar Mahadevan","260239223"
"Yo Yo Honey Singh","260123442"
"Davido","259825375"
"Los Caminantes","259749313"
"Chinmayi","259680861"
"James Carter","259586191"
"Ray Dalton","259129658"
"Jorge Ben Jor","258998389"
"Zezé Di Camargo & Luciano","258756607"
"Jatin-Lalit","258581905"
"LX","257913741"
"Last Child","257870565"
"TobyMac","257284273"
"Elliott Smith","255691004"
"Øneheart","255199435"
"Die Ärzte","254804376"
"Roop Kumar Rathod","254326536"
"Meet Bros.","253990697"
"Jeet Gannguli","253125925"
"Duster","252736173"
"Los Rehenes","252690285"
"Sub Focus","252647161"
"Eduardo Costa","252410115"
"DIVINE","252138117"
"Boosie Badazz","251925575"
"Ahmet Kaya","251799845"
"INTERWORLD","251778634"
"Popcaan","251550122"
"Teoman","251472993"
"Chitãozinho & Xororó","251168984"
"Luciano Pereyra","250847802"
"Hikaru Utada","250164134"
"Oscar Maydon","249311132"
"Harshdeep Kaur","248728788"
"Cocteau Twins","248051479"
"In Flames","247888124"
"Afgan","247197709"
"Lecrae","244897955"
"Kool Savas","243178528"
"Los Palmeras","242507103"
"Die Kita-Frösche","241714962"
"Karsten Glück","241714962"
"Simone Sommerland","241714962"
"Hector & Tito","239867918"
"The Alchemist","239158088"
"Mc Lipi","238935770"
"Benny Dayal","238239098"
"Grupo Arriesgado","238011668"
"Banda Pequeños Musical","237821689"
"Maldy","237642501"
"Pyotr Ilyich Tchaikovsky","237027744"
"José Alfredo Jimenez","236965162"
"Coi Leray","236282029"
"Tz da Coronel","236129503"
"Jadakiss","235382313"
"Shafqat Amanat Ali","234968984"
"The Wiggles","234761854"
"Kelis","234617997"
"Banda Cuisillos","232178830"
"Miel San Marcos","231942320"
"Eason Chan","229938791"
"Don Diablo","229480384"
"Bushido","228782867"
"Young Cister","228136555"
"Mr.Children","228064393"
"Devi Sri Prasad","227496804"
"RM","226847682"
"Grupo Laberinto","226444375"
"Rekha Bhardwaj","225200261"
"Shaan","224117490"
"DJ Drama","223014361"
"Vybz Kartel","222387263"
"Konshens","222233798"
"Luciano Pavarotti","221533630"
"Fabri Fibra","221474207"
"Vierra","221284948"
"Mika Singh","220309009"
"Serdar Ortaç","220234418"
"AYLIVA","220107804"
"Kailash Kher","219861882"
"La Joaqui","219470891"
"Joe Hisaishi","219062028"
"Dybbukk","219024452"
"Bad Omens","218954750"
"Raça Negra","218515927"
"Ice Nine Kills","218066999"
"Los Panchos","217948978"
"Silambarasan TR","217574850"
"La Sonora Santanera","217384779"
"Karan Aujla","217090458"
"Jóhann Jóhannsson","216499459"
"Yuvan Shankar Raja","216484188"
"Jeremy Soule","216059742"
"Javier Solís","215791812"
"Kingpin Skinny Pimp","215720293"
"Yovie & Nuno","215296193"
"Kollegah","215193707"
"Santhosh Narayanan","214746936"
"Julio Jaramillo","214339955"
"Böhse Onkelz","213983497"
"Nusrat Fateh Ali Khan","212103901"
"Sagopa Kajmer","211838721"
"Clayton & Romário","211200275"
"WWE","211080789"
"Thaman S","210338103"
"Divya Kumar","209361911"
"Gilberto Gil","209182366"
"Lainey Wilson","209007088"
"Franz Liszt","208879864"
"Leo Mattioli","208395562"
"Berliner Philharmoniker","207829975"
"Caetano Veloso","207765808"
"Cascada","207476711"
"Mayday","205821136"
"GZA","205735969"
"Hariharan","203871112"
"Kumar Sanu","203802484"
"G. V. Prakash","203495269"
"Zeca Pagodinho","203084331"
"Kenny G","202677371"
"Capital Inicial","202303378"
"Germ","202205298"
"W&W","200962015"
"Antonio Vivaldi","198819794"
"White 2115","197598286"
"Gustavo Santaolalla","197286155"
"Almighty","197154032"
"Simple Minds","197040514"
"Redimi2","196790841"
"Harris Jayaraj","196397776"
"Himesh Reshammiya","195928280"
"Vince Gill","194054561"
"Ratatat","193432318"
"Dawid Podsiadło","193354569"
"Kirk Franklin","193056316"
"Raekwon","190101613"
"Mc IG","187711074"
"La Maquinaria Norteña","186990401"
"Chill Fruits Music","186864016"
"Lofi Fruits Music","186864016"
"ARASHI","186848781"
"Boef","186308048"
"Nko","183811594"
"Kenia OS","183089458"
"DJ Alex","182199451"
"BUMP OF CHICKEN","182163980"
"Connor Price","181457983"
"Milionário & José Rico","181095963"
"Sertab Erener","181047639"
"Marcos Witt","180423475"
"Daniel Barenboim","180384294"
"Caralisa Monteiro","179358309"
"11:11 Music Group","178648419"
"Leonardo","177640934"
"Shenseea","177557622"
"Gipsy Kings","177392539"
"London Philharmonic Orchestra","177204681"
"Gabito Ballesteros","176152767"
"Aline Barros","176112939"
"deadmau5","171093388"
"Ebru Gündeş","170370883"
"Johannes Brahms","170051253"
"Naresh Iyer","169102458"
"Fran C","168992827"
"Lilly Goodman","168787580"
"Danny Elfman","168337138"
"Salim–Sulaiman","166153930"
"Curren$y","165770154"
"Sukhwinder Singh","164899808"
"Rain Fruits Sounds","164270829"
"sped up nightcore","161780668"
"Sadhana Sargam","161522635"
"Ajay-Atul","160821057"
"Jaani","160298772"
"Haftbefehl","157863610"
"Sir Simon Rattle","156017181"
"creamy","154288257"
"Ramon Ayala Y Sus Bravos Del Norte","153432274"
"Ati242","152693935"
"Ivete Sangalo","152469143"
"LUCKI","152012306"
"Diomedes Diaz","149956336"
"Wiener Philharmoniker","149278026"
"Shiva","149233541"
"Kavita Krishnamurthy","149078831"
"Gibbs","147481355"
"Bootsy Collins","147065042"
"Kishore Kumar","146663950"
"Tchakabum","146394876"
"The Kiboomers","144130312"
"Bombay Jayashri","144001314"
"Grupo 5","143660340"
"S. P. Balasubrahmanyam","142744353"
"Niro","142119501"
"Enigma Norteño","142098763"
"Royal Philharmonic Orchestra","141407178"
"Nakash Aziz","141207771"
"Franz Schubert","138653676"
"Mahalakshmi Iyer","138121698"
"Vijay Prakash","137171838"
"Karthik","136421185"
"Vijay Yesudas","135736299"
"Dire Straits","135725226"
"Sergei Rachmaninoff","135511160"
"Shweta Mohan","135428274"
"Ghostface Killah","132049254"
"I Monster","131267147"
"Alex Zurdo","130966399"
"George Frideric Handel","130721695"
"Sir Neville Marriner","130671365"
"Lata Mangeshkar","130532277"
"Haricharan","129567196"
"Rolf Zuckowski","128521047"
"Bear McCreary","128438247"
"Kenny Dope","128182561"
"Kizzy","127516466"
"El Barrio","127442425"
"Kidz Bop Kids","127117012"
"Tony Aguirre","126031457"
"The Animals","125301371"
"SDM","124627314"
"Herbert von Karajan","122084907"
"Black Sabbath","121524221"
"Maher Zain","121473655"
"Nile Rodgers","121438451"
"Mohammed Rafi","121263098"
"Deep Purple","119897944"
"Dino James","119247236"
"Bedoes 2115","118911910"
"Belo","118761847"
"D.O.D","118696166"
"Edvard Grieg","118600209"
"Leon James","118021210"
"Saindhavi","116363823"
"DJ Premier","116039041"
"Guè","115869477"
"The Cramps","115151275"
"Bibi und Tina","114924633"
"Asha Bhosle","114267322"
"Mikky Ekko","113828057"
"Pradeep Kumar","113654736"
"M. M. Keeravani","113134875"
"Harish Raghavendra","112767904"
"Abhijeet","111216067"
"SICK LEGEND","110860014"
"Claudio Abbado","108600775"
"K. S. Chithra","107253979"
"Stephen Cleobury","106527038"
"Harini","106413398"
"Cherish","106005136"
"Björk","105623916"
"Lorenzo","105307936"
"Geolier","105033863"
"Robert Schumann","104656717"
"Dusty Springfield","100530128"
"Project Pat","99828206"
"Juelz Santana","99134581"
"Ruger","96203206"
"Los Dareyes De La Sierra","96067454"
"Lamp","95888322"
"Westside Gunn","95545569"
"Ilaiyaraaja","93752229"
"Chris Rea","93666394"
"Philharmonia Orchestra","93623375"
"Fabrizio Paterlini","92834299"
"Anuradha Paudwal","89514116"
"Sujatha","89407212"
"Ananya Bhat","89057758"
"Jeff Beck","88251507"
"kevoxx","86947091"
"Coolio","85932624"
"Rionegro & Solimões","82665562"
"Jairo Vera","80215558"
"Kato","78745069"
"S. Janaki","78592487"
"Grupo Yndio","78277081"
"Udo Lindenberg","74438570"
"Tom Morello","71996715"
"Swarnalatha","70813213"
"Gurlez Akhtar","69654299"
"The Cure","68848994"
"Academy of St. Martin in the Fields","68504178"
"Pezet","65969192"
"Prashant Katheriya","61631607"
"Colby O'Donis","56531956"
"surrenderdorothy","56430938"
"Playero","55129661"
"Steve Edwards","54677052"
"K. J. Yesudas","54072606"
"accelerate","52148300"
"Mano","51654953"
"Benjamin Blümchen","45930587"
"Flowdan","42659904"
"RZA","42575868"
"Tazzy","40785278"
"Outlawz","39119961"
"Roger","36531914"
"Dwele","36426050"
"SEGA SOUND TEAM","35199678"
"Shilpi Raj","29611668"
"Sleepy Penguin","27070465"
"Kyla","25016166"
"Laxmikant–Pyarelal","24954798"
"R. D. Burman","24661007"
"Christopher von Uckermann","22938485"
"Inspectah Deck","7580254"
"Freshlyground","6659588"
"Olivia","4248527"
"Die drei !!!","3285700"
"TKKG","3169925"
"Bibi Blocksberg","2857877"
"Los Amables Del Norte","2351469"
"L.V.","2241476"
"Traditional","1754515"
"Thomas Karallus","1510414"
"Teufelskicker","1115469"
"Sherlock Holmes","1046010"
"Fünf Freunde","398843"
"Sir Arthur Conan Doyle","103471"
