"title","channel","views"
"Luis Fonsi - Despacito ft. Daddy Yankee","LuisFonsiVEVO","8079649362"
"Luis Fonsi - Despacito ft. Daddy Yankee","LuisFonsiVEVO","8079646911"
"Ed Sheeran - Shape of You (Official Music Video)","Ed Sheeran","5908398479"
"Wiz Khalifa - See You Again ft. Charlie Puth [Official Video] Furious 7 Soundtrack","Wiz Khalifa Music","5773798407"
"Wiz Khalifa - See You Again ft. Charlie Puth [Official Video] Furious 7 Soundtrack","Wiz Khalifa Music","5773797147"
"Wheels on the Bus | CoComelon Nursery Rhymes & Kids Songs","Cocomelon - Nursery Rhymes","4898831101"
"Mark Ronson - Uptown Funk (Official Video) ft. Bruno Mars","MarkRonsonVEVO","4821016218"
"PSY - GANGNAM STYLE(강남스타일) M/V","officialpsy","4679767471"
"Maroon 5 - Sugar (Official Music Video)","Maroon5VEVO","3817733132"
"Katy Perry - Roar (Official)","KatyPerryVEVO","3725748519"
