"track","artist","duration_sec","duration_ms"
"Steven Universe Future (Opening Theme) / Title Card","Estelle","30.00",30985
"Relaxing Baby White Noise Piano","Sleepy Penguin","31.00",31000
"Magic Piano and White Noise","Sleepy Penguin","31.00",31000
"White Noise Gentle Piano","Sleepy Penguin","31.00",31000
"Bedtime White Noise and Piano Tunes","Sleepy Penguin","31.00",31000
"Peacefull Paino and White Noise","Sleepy Penguin","31.00",31000
"Neue Freunde - Intro","Thomas Karallus","31.00",31437
"Deep Sleep White Noise For Babies","Sleepy Penguin","31.00",31000
"Soothing Piano and White Nosie","Sleepy Penguin","31.00",31000
"Soothing Baby White Nosie","Sleepy Penguin","31.00",31000
"Gentle Piano Melodies","Sleepy Penguin","31.00",31000
"Colicky Baby Relaxing Tunes","Sleepy Penguin","31.00",31000
"Rain and Thunderstorm, Pt. 37","Rain Fruits Sounds","35.00",35000
"Rain and Thunderstorm, Pt. 7","Rain Fruits Sounds","37.00",37000
"Rain and Thunderstorm, Pt. 34","Rain Fruits Sounds","38.00",38000
"Rain and Thunderstorm, Pt. 6","Rain Fruits Sounds","38.00",38000
"Rain and Thunderstorm, Pt. 5","Rain Fruits Sounds","39.00",39000
"Rain and Thunderstorm, Pt. 33","Rain Fruits Sounds","39.00",39000
"Rain and Thunderstorm, Pt. 4","Rain Fruits Sounds","40.00",40000
"Rain and Thunderstorm, Pt. 3","Rain Fruits Sounds","41.00",41000
"Rain and Thunderstorm, Pt. 2","Rain Fruits Sounds","42.00",42000
"Gaja!!!","Youjeen","42.00",42827
"Rain and Thunderstorm, Pt. 1","Rain Fruits Sounds","43.00",43000
"NO SECRET (feat. Drake)","DJ Khaled","47.00",47354
"Benjamin Blümchen Lied","Benjamin Blümchen","48.00",48978
"Goodnight Sweet Possums - From ""Ice Age The Meltdown""","John Powell","48.00",48466
"Enough For You","Montell Fish","49.00",49077
"Mission: Impossible Theme","Michael Giacchino","51.00",51800
"16 Waltzes, Op. 39 (1867 version): No. 3 in G-Sharp Minor","Johannes Brahms","52.00",52200
"Interlude: I'm Not Angry Anymore","Paramore","52.00",52600
"Rock The BeaT","LMFAO","54.00",54373
"Healing Incantation - From ""Tangled""/Soundtrack Version","Mandy Moore","54.00",54440
"Waves: Calm","Ocean Waves For Sleep","56.00",56152
"Head Shoulders Knees & Toes (Sing It)","Super Simple Songs","56.00",56416
"Womb Sound - Loopable with no fade","White Noise for Babies","56.00",56223
"Loneliness (Naruto)","Kato","56.00",56823
"Waves: Calm","Ocean Sounds","56.00",56152
"Sickly Suite Part Three: Gone","I Monster","57.00",57760
"Bonetrousle","Toby Fox","57.00",57600
"Fallen Down","Toby Fox","57.00",57818
"Oncle Jazz","Men I Trust","57.00",57877
"Bezos I","Bo Burnham","58.00",58149
"Intro","j-hope","58.00",58872
"Skateboard Delivery","José González","59.00",59507
"Walter Time","José González","59.00",59640
"Baa Baa Black Sheep","Raffi","59.00",59520
"Tu m'as tué","M83","59.00",59744
