"track","duration_min","duration_ms"
"Piano Concerto No. 2 in C Minor, Op. 18: 2. Adagio sostenuto",10,644273
"Symphony No. 6 in F Major, Op. 68, ""Pastorale"": I. Allegro ma non troppo, ""Awakening of cheerful feelings on arriving in the countryside""",11,711627
"An der schönen blauen Donau, Op. 314",11,707173
"52 Non Stop Dilbar Dilbar Remix(Remix By Kedrock,Sd Style)",76,4581483
"52 Non Stop Dilbar Dilbar Remix(Remix By Kedrock,Sd Style)",76,4581483
"Sinnerman",10,622000
"Symphony No. 6 in F Major, Op. 68, ""Pastorale"": I. Allegro ma non troppo, ""Awakening of cheerful feelings on arriving in the countryside""",11,711627
"Symphony No. 9 in E Minor, Op. 95, B. 178 ""From the New World"": 4. Allegro con fuoco",11,685000
"Symphony No. 5 In C Sharp Minor: IV. Adagietto. Sehr langsam",10,659000
"An der schönen blauen Donau, Op. 314",11,707173
"Symphony No. 9 in E Minor, Op. 95, B. 178 ""From the New World"": 4. Allegro con fuoco",11,685000
"Adagio for Strings and Organ in G Minor",11,710000
"Symphony No. 9 In D Minor, Op. 125 - ""Choral"": 1. Allegro ma non troppo, un poco maestoso",15,936000
"Symphony No. 9 In D Minor, Op. 125 - ""Choral"": 2. Molto vivace",10,626000
"Child in Time",10,620373
"Om Bhurbhuwasah",55,3340672
"52 Non Stop Dilbar Dilbar Remix(Remix By Kedrock,Sd Style)",76,4581483
"52 Non Stop Dilbar Dilbar Remix(Remix By Kedrock,Sd Style)",76,4581483
"Hitazos: Amores Como el Nuestro / Que Fue / Algún día / Tu Amor Me Quema / Arrepiéntete / Tarjetita de Invitación / Empujaito / Si Tu Te Vas / El Aguacero / Tu Juguete / Mujer Que Mal Me Pagas...",22,1330157
"Ragga Moofin Mix",23,1427979
"Non Stop Reegae",24,1484260
"Sandese Aate Hai (From ""Border"")",10,632960
"My Favorite Things",13,824133
"The Bomb! (These Sounds Fall Into My Mind)",14,891041
"Kali Kali Zulfon Ke Phande Na Dalo",14,859345
"Tumhe Dil Lagi Bhool Jani Padegi",16,983432
"Hitazos: Amores Como el Nuestro / Que Fue / Algún día / Tu Amor Me Quema / Arrepiéntete / Tarjetita de Invitación / Empujaito / Si Tu Te Vas / El Aguacero / Tu Juguete / Mujer Que Mal Me Pagas...",22,1330157
"El Cantante",10,626880
"Piano Concerto in A Minor, Op. 16: I. Allegro molto moderato",13,820853
"Piano Concerto in A Minor, Op. 16: I. Allegro molto moderato",12,766213
"I'd Do Anything For Love (But I Won't Do That)",11,718600
"The Battle",10,602227
"The Battle",10,602227
"Piano Concerto No. 2 in C Minor, Op. 18: 2. Adagio sostenuto",10,644273
"Piano Concerto No. 2 in C Minor, Op. 18: 1. Moderato",10,616648
"Tchaikovsky: 1812 Overture in E-Flat Major, Op. 49",15,905667
"Cachengue Retromix - La Cola, La Cumbia De Los Trapos, Nunca Me Faltes, Yo tomo licor, Fuiste, La güera salome, No me abandones, La Luna Y Tu, Toda la Noche",15,944325
"52 Non Stop Dilbar Dilbar Remix(Remix By Kedrock,Sd Style)",76,4581483
"I Heard It Through the Grapevine",10,650800
"A Dark Knight",16,975267
"Fear is Not My Future (feat. Brandon Lake & Chandler Moore)",10,625062
"The Battle",10,602227
"Pneuma",11,713192
"Ocean Waves for Sleep",68,4120258
"52 Non Stop Dilbar Dilbar Remix(Remix By Kedrock,Sd Style)",76,4581483
"High Rated Gabru 52 Non Stop Hits(Remix By Mandy Birgi,Birgi Veerz)",77,4676058
"Leben und Tod des Kenneth Glöckler",10,601000
"52 Non Stop Dilbar Dilbar Remix(Remix By Kedrock,Sd Style)",76,4581483
"Set dos Casados",10,643200
"Poesia Acústica #9: Melhor Forma",10,611077
"52 Non Stop Dilbar Dilbar Remix(Remix By Kedrock,Sd Style)",76,4581483
"Poesia Acústica 10: Recomeçar",11,682817
"Revoada do Tubarão 3",11,669158
"Set dos Casados",10,643200
"52 Non Stop Dilbar Dilbar Remix(Remix By Kedrock,Sd Style)",76,4581483
"Poesia Acústica 10: Recomeçar",11,682817
"Set dos Casados",10,643200
"Revoada do Tubarão 3",11,669158
"Set dos Casados",10,643200
"Set dos Casados",10,643200
"OQIGAP?",10,647040
"Poesia Acústica 10: Recomeçar",11,682817
"OQIGAP?",10,647040
"Poesia Acústica 13",10,620696
"Poesia Acústica 13",10,620696
"Poesia Acústica #9: Melhor Forma",10,611077
"Poesia Acústica 10: Recomeçar",11,682817
"Poesia Acústica 13",10,620696
"Poesia Acústica #9: Melhor Forma",10,611077
"Poesia Acústica 13",10,620696
"Poesia Acústica #9: Melhor Forma",10,611077
"Poesia Acústica 13",10,620696
"Revoada do Tubarão 3",11,669158
"Set dos Casados",10,643200
"Poesia Acústica 13",10,620696
"Poesia Acústica 13",10,620696
